"Chapter","Type","Number","Springer ID","Source file","Caption","Alt Text"
"Chapter 2: Classical Second Order PDEs and Separation of Variables","Figure","Fig. 2.1","fig2_1","figures/ch02/python/heat_evolution.pdf","Evolution of the heat equation solution with a triangle wave initial condition. The higher frequency modes decay rapidly, smoothing the initial corner at $x = pi$.","Line plot of temperature u versus position x on the interval zero to two pi, overlaying the heat equation solution at several increasing times. The initial curve is a sharp triangle wave peaking at x equals pi; as time grows the corner rounds off and successive curves flatten toward the constant equilibrium value pi over two, showing that high-frequency modes (decaying like e to the power minus n squared t) vanish fastest."
"Chapter 2: Classical Second Order PDEs and Separation of Variables","Figure","Fig. 2.2","fig2_2","figures/ch02/python/heat_waterfall.pdf","Waterfall plot showing the complete space-time evolution of the heat equation solution. The initial triangle wave smooths rapidly as higher frequency modes decay exponentially.","Three-dimensional waterfall surface of the heat equation solution u over the space axis x and the time axis t. The front edge is the sharp triangle wave; moving back in time the ridges smooth and collapse rapidly to a flat plateau at the mean value pi over two, visualizing exponential decay of the higher-frequency Fourier modes and the diffusive smoothing of the initial corner."
"Chapter 2: Classical Second Order PDEs and Separation of Variables","Figure","Fig. 2.3","fig2_3","figures/ch02/python/wave_evolution.pdf","Evolution of the wave equation solution with a plucked string initial condition. The string oscillates with period $T = 2 pi$ (with $L = pi$, $c = 1$ in this demonstration; the general formula is $T = 2 L / c$), inverting at $t = T/2$.","Line plot of string displacement u versus position x on zero to pi, showing the vibrating-string solution at several times across half a period. Starting from the triangular plucked shape, the curves shrink and pass through the flat axis, then grow into the inverted mirror-image triangle at t equals T over two, with amplitude conserved rather than decaying, illustrating undamped oscillation with period two pi."
"Chapter 2: Classical Second Order PDEs and Separation of Variables","Figure","Fig. 2.4","fig2_4","figures/ch02/python/wave_waterfall.pdf","Waterfall plot showing the complete space-time evolution of the wave equation solution over one period $T$. The plucked string oscillates between its initial shape and its mirror image.","Three-dimensional waterfall surface of the wave equation solution u over position x and time t spanning one full period. The triangular plucked profile sweeps back and forth between its initial shape and its inverted mirror image without any loss of amplitude, the repeating ridges showing periodic, energy-conserving oscillation in contrast to the decaying heat solution."
"Chapter 2: Classical Second Order PDEs and Separation of Variables","Figure","Fig. 2.5","fig2_5","figures/ch02/python/laplace_solution.pdf","Solution of the Laplace equation in the periodic strip with boundary data $f(x) = sin(x) + frac(1,2) sin(3x)$ at $y = 0$ and $u = 0$ at $y = 1$. Higher frequency modes decay faster toward the interior.","Two-dimensional color or contour map of the harmonic function u over the periodic strip, with horizontal axis x from zero to two pi and vertical axis y from zero to one. At the bottom boundary y equals zero the field reproduces the boundary data, a sine wave plus a smaller, higher-frequency triple-sine ripple; moving upward the pattern decays to zero at y equals one, with the n equals three component damping out much faster than the n equals one component, demonstrating harmonic smoothing into the interior."
"Chapter 3: Mise en Bouche","Table","Table 3.1","tbl3_1","live text table (no image file)","Comparison of exact and three-coefficient collocation approximation.","A five-row table listing x, the exact solution, the three-coefficient collocation approximation, and their error at x equal to minus one, minus one half, zero, one half, and one; the error is zero at the endpoints and reaches about minus two times ten to the power minus two near the interior, showing the low-order approximation is accurate to a couple percent."
"Chapter 3: Mise en Bouche","Figure","Fig. 3.1","fig3_1","figures/ch03/python/collocation_example1.pdf","Left: exact solution $u(x) = e^(x^2 - 1)$ compared with the three-coefficient collocation approximation. The collocation points $x = -1/2, 0, 1/2$ are marked with squares. Right: the error $u_""exact"" - u_""approx""$.","Two side-by-side line plots over the interval from minus one to one. Left panel: the exact solution u of x equals e to the power x squared minus one plotted against the three-coefficient collocation approximation; the two curves are nearly indistinguishable U-shapes rising from about 0.37 at the center to one at the endpoints, with the three collocation points at minus one half, zero, and one half marked by squares. Right panel: the difference exact minus approximate, a smooth oscillatory error curve that crosses zero exactly at the three collocation points and the endpoints, peaking around two times ten to the power minus two, confirming the approximation is accurate to a couple percent."
"Chapter 3: Mise en Bouche","Table","Table 3.2","tbl3_2","live text table (no image file)","Comparison of spectral approximationspectral approximations at the central maximum.","A three-row table comparing the exact value, the collocation approximation, and the Galerkin approximation of the solution at the central point x equal zero, with absolute errors; both two-coefficient methods reproduce the maximum value near 0.183, with Galerkin slightly more accurate (error about three ten-thousandths versus six ten-thousandths for collocation)."
"Chapter 3: Mise en Bouche","Figure","Fig. 3.2","fig3_2","figures/ch03/python/collocation_vs_galerkin.pdf","Left: exact solution compared with collocation and Galerkin approximations. The collocation points $x = 0$ and $x = 0.5$ are marked. Right: error profiles for both methods.","Two side-by-side line plots over the interval from minus one to one for the reaction-diffusion problem. Left panel: the exact solution, an inverted-bell curve peaking near 0.18 at the center and vanishing at both endpoints, overlaid with the collocation and Galerkin approximations, all three essentially coinciding; the collocation points at x equal zero and x equal one half are marked. Right panel: the error profiles of both methods, where the Galerkin error stays uniformly closer to zero across the whole interval than the collocation error, illustrating Galerkin's better global accuracy."
"Chapter 3: Mise en Bouche","Figure","Fig. 3.3","fig3_3","drawn vector illustration (no image file)","Schematic comparison of local (finite element) and global (spectral) basis functions. The finite element ""hat function"" is non-zero only over two adjacent elements, while the spectral basis function oscillates across the entire domain.","Side-by-side schematic comparing the support of finite element and spectral basis functions. The left panel shows a finite element hat function: a piecewise-linear triangular spike that is nonzero only over two adjacent mesh elements (marked along a tick-spaced axis) and zero everywhere else, labeled local support. The right panel shows a spectral basis function: a high-frequency polynomial that oscillates up and down across the entire domain, labeled global support. The contrast conveys that finite element bases act locally while spectral bases influence the solution everywhere."
"Chapter 3: Mise en Bouche","Figure","Fig. 3.4","fig3_4","drawn vector illustration (no image file)","Three strategies for improving accuracy in numerical methods. Spectral methods employ $p$-refinement: increasing the polynomial degree while using a single element (or few elements) spanning the entire domain.","A three-column schematic illustrating refinement strategies, each showing a before state above and an after state below joined by a downward arrow. Left, h-refinement: a coarse two-cell mesh becomes a finer four-cell mesh of equal-width elements, labeled smaller elements. Middle, r-refinement: a uniform four-cell mesh becomes one with the same number of cells redistributed so points cluster on the sides, labeled adaptive redistribution. Right, p-refinement: a low-degree curve labeled p equals two becomes a high-degree oscillating curve labeled p equals eight on the same single element, labeled higher polynomial degree, which is the strategy spectral methods use."
"Chapter 4: The Geometry of Nodes","Figure","Fig. 4.1","fig4_1","figures/ch04/python/runge_phenomenon.pdf","The Runge phenomenon: polynomial interpolation of $f(x) = 1/(1 + 25x^2)$ on equispaced nodes. As the polynomial degree increases, oscillations near the boundaries $x = plus.minus 1$ grow unboundedly. The exact function (solid) and interpolants (dashed) are shown for $N = 6$, $10$, and $14$.","Line plot on the interval from minus one to one comparing the smooth bell-shaped Runge function (solid curve) against its polynomial interpolants (dashed curves) on equispaced nodes for degrees six, ten, and fourteen. The interpolants track the function in the center but develop progressively larger oscillations near the endpoints at x equals plus or minus one, with the swings ballooning as the degree rises, illustrating divergence."
"Chapter 4: The Geometry of Nodes","Figure","Fig. 4.2","fig4_2","figures/ch04/python/equipotential_curves.pdf","Equipotential curves in the complex plane. Left: uniform node density (equispaced nodes). Right: Chebyshev density, where equipotentials are Bernstein ellipses. The poles of the Runge function at $z = plus.minus 0.2 i$ are marked with crosses. For Chebyshev interpolation, the critical ellipse passing through the poles determines the convergence rate.","Two side-by-side contour maps of the complex plane showing closed equipotential curves wrapping the real interval from minus one to one. Left, for uniform equispaced node density, the contours bulge only slightly off the real axis before reaching the Runge poles at z equals plus or minus zero point two i (marked by crosses). Right, for Chebyshev density, the equipotentials are nested Bernstein ellipses with foci at plus or minus one; the critical ellipse passing through the poles sets the convergence rate, and the contours enclose more of the plane, explaining why Chebyshev interpolation converges."
"Chapter 4: The Geometry of Nodes","Figure","Fig. 4.3","fig4_3","figures/ch04/python/chebyshev_points_circle.pdf","Geometric construction of Chebyshev points. Points equally spaced on the upper semicircle (by angle $theta_j = j pi / N$) project vertically onto the Chebyshev nodes on the $x$-axis. Equal spacing on the circle maps to clustering near the endpoints $x = plus.minus 1$.","Geometric diagram of a unit semicircle with equally spaced points placed along its upper arc at angles theta sub j equal to j pi over N. Vertical dashed projection lines drop each circle point straight down to the x-axis, producing the Chebyshev nodes. Equal angular spacing on the arc maps to nodes that bunch together near the endpoints at x equals plus or minus one and spread out near the center, illustrating endpoint clustering."
"Chapter 4: The Geometry of Nodes","Figure","Fig. 4.4","fig4_4","figures/ch04/python/chebyshev_success.pdf","Chebyshev interpolation of the Runge function. Left: the function and interpolants for $N = 6$, $10$, and $14$. Right: interpolation error on a logarithmic scale. Unlike equispaced interpolation, the error decreases rapidly with increasing $N$.","Two-panel figure on Chebyshev interpolation of the Runge function. Left, a line plot from minus one to one shows the function and its interpolants for degrees six, ten, and fourteen lying almost on top of the function with no boundary oscillations. Right, the pointwise interpolation error on a logarithmic vertical axis drops sharply as the degree increases, the opposite of the equispaced case, confirming rapid convergence."
"Chapter 4: The Geometry of Nodes","Figure","Fig. 4.5","fig4_5","figures/ch04/python/lagrange_basis.pdf","Lagrange basis polynomials $L_k (x)$ for $N = 10$. Left: equispaced nodes show large oscillations near the boundaries. Right: Chebyshev nodes yield bounded basis functions throughout the interval.","Two side-by-side line plots of the Lagrange basis polynomials L sub k for degree ten over the interval minus one to one, each curve equal to one at its own node and zero at the others. Left, on equispaced nodes the basis functions belonging to interior nodes swing to large positive and negative values near the boundaries. Right, on Chebyshev nodes every basis function stays small and bounded across the whole interval, showing far better behavior."
"Chapter 4: The Geometry of Nodes","Figure","Fig. 4.6","fig4_6","figures/ch04/python/lebesgue_functions.pdf","Left: Lebesgue functions $Lambda_(N)(x)$ for $N = 10$ with equispaced, Legendre, and Chebyshev nodes. The equispaced case has large peaks near the boundaries. Right: Growth of Lebesgue constants with $N$. The equispaced constant grows exponentially, while Chebyshev grows only logarithmically.","Two-panel figure on Lebesgue functions and constants. Left, the Lebesgue function for degree ten plotted over minus one to one for equispaced, Legendre, and Chebyshev nodes; the equispaced curve spikes to enormous peaks near the endpoints while the Legendre and Chebyshev curves stay low and gently rippled. Right, the Lebesgue constant versus degree N on a logarithmic vertical scale, with the equispaced curve rising as a steep straight line (exponential growth) and the Chebyshev curve nearly flat (logarithmic growth)."
"Chapter 4: The Geometry of Nodes","Figure","Fig. 4.7","fig4_7","figures/ch04/python/lebesgue_constants_zoom.pdf","Lebesgue constants for Legendre and Chebyshev nodes (equispaced omitted for clarity). Chebyshev nodes achieve the slowest possible growth rate $O(ln N)$, while Legendre nodes grow as $O(sqrt(N))$. Both are far superior to equispaced nodes, but Chebyshev remains the optimal choice.","Semilogarithmic plot of the Lebesgue constant versus polynomial degree N comparing only Legendre and Chebyshev nodes, with the divergent equispaced curve omitted. The Legendre curve rises faster, consistent with order square root of N growth, while the Chebyshev curve grows most slowly, consistent with order log N, confirming Chebyshev nodes as the optimal choice among the two."
"Chapter 4: The Geometry of Nodes","Figure","Fig. 4.8","fig4_8","figures/ch04/python/convergence_comparison.pdf","Convergence comparison for the Runge function. The maximum interpolation error is plotted against polynomial degree $N$ on a semilogarithmic scale. Chebyshev interpolation (green) converges at rate $O(rho^(-N))$ with $rho approx 1.22$. Equispaced interpolation (red) diverges exponentially.","Semilogarithmic convergence plot of the maximum interpolation error against polynomial degree N for the Runge function. The Chebyshev curve (green) descends as a straight line, indicating geometric convergence at rate rho to the power minus N with rho about one point two two, while the equispaced curve (red) climbs steeply upward, indicating exponential divergence. The two curves move in opposite directions."
"Chapter 4: The Geometry of Nodes","Figure","Fig. 4.9","fig4_9","figures/ch04/python/convergence_zoom.pdf","Chebyshev interpolation convergence for the Runge function (equispaced omitted for clarity). The error decreases geometrically at rate $O(rho^(-N))$ with $rho approx 1.22$, matching the theoretical prediction based on the pole locations at $z = plus.minus 0.2 i$.","Semilogarithmic plot of the maximum Chebyshev interpolation error versus polynomial degree N for the Runge function, shown alone without the divergent equispaced curve. The error markers fall along a near-perfect descending straight line, the signature of geometric convergence at rate rho to the power minus N with rho about one point two two, matching the theoretical prediction from the pole locations at z equals plus or minus zero point two i."
"Chapter 4: The Geometry of Nodes","Figure","Fig. 4.10","fig4_10","figures/ch04/python/lebesgue_random_nodes.pdf","Lebesgue constant for random nodes. Left: growth with polynomial degree $N$, showing mean (solid line) and min-max range (light shading). Right: distribution of $log_(10)(Lambda_(15))$ over $500$ random trials on a logarithmic scale, revealing the enormous spread spanning many orders of magnitude. Vertical lines mark the mean, median, equispaced, and Chebyshev values.","Two-panel statistical figure for random nodes. Left, the Lebesgue constant versus polynomial degree N on a logarithmic vertical scale, with a solid mean curve rising steeply (exponential growth) and a wide shaded band marking the min-to-max range that broadens with N. Right, a histogram of the base-ten logarithm of the Lebesgue constant at degree fifteen over five hundred trials, spread across many orders of magnitude, with vertical reference lines marking the mean, median, equispaced, and Chebyshev values, the last two sitting far below most random outcomes."
"Chapter 4: The Geometry of Nodes","Figure","Fig. 4.11","fig4_11","figures/ch04/python/lebesgue_random_chebyshev.pdf","Lebesgue constant for ""random Chebyshev"" nodes (uniform angles projected via cosine). Left: growth with polynomial degree, showing explosive exponential behavior with enormous variability. Right: distribution of $log_(10)(Lambda_(15))$ over $500$ trials. Despite having the ""correct"" arcsine marginal distribution, these nodes perform _catastrophically worse_ than any other distribution studied.","Two-panel statistical figure for random Chebyshev nodes built from uniform random angles projected through cosine. Left, the Lebesgue constant versus polynomial degree N on a logarithmic vertical scale climbs explosively to astronomical values, with a shaded variability band spanning many orders of magnitude. Right, a histogram of the base-ten logarithm of the Lebesgue constant at degree fifteen over five hundred trials, extremely broad and shifted toward huge values, showing that despite the correct arcsine marginal these nodes perform catastrophically worse than every other distribution studied."
"Chapter 5: Differentiation Matrices","Figure","Fig. 5.1","fig5_1","figures/ch05/python/fd_stencil_schematic.pdf","Finite difference stencils in one dimension, progressing from local to global. The derivative at the central node $x_i$ (red) is approximated using only the highlighted nodes (blue) within each stencil. From top to bottom: 3-point stencil (2nd order), 5-point stencil (4th order), 7-point stencil (6th order), and spectral method (all nodes). As the stencil widens, accuracy improves. The spectral method represents the limiting case where _every_ node contributes to the derivative approximation, yielding exponential rather than algebraic convergence.","Four stacked one-dimensional node rows on a number line illustrate widening finite-difference stencils. In each row the central node x-i is marked red and the nodes contributing to its derivative are marked blue: a 3-point stencil (second order), then 5-point (fourth order), then 7-point (sixth order), and finally the spectral method, where every node on the line is highlighted. The takeaway is that a broader stencil raises accuracy, and the spectral case is the limit in which all nodes contribute, giving exponential rather than algebraic convergence."
"Chapter 5: Differentiation Matrices","Figure","Fig. 5.2","fig5_2","figures/ch05/python/fd_matrix_bandwidth.pdf","Sparsity patterns of differentiation matrices for $N = 20$ grid points. Left: second-order finite differences (tridiagonal, bandwidth 3). Center: fourth-order finite differences (pentadiagonal, bandwidth 5). Right: spectral method (dense, bandwidth $N$). The progression illustrates the key insight: spectral methods are the limiting case of finite differences as the stencil width extends to the full domain.","Three side-by-side matrix sparsity patterns for twenty grid points, with nonzero entries shown as filled cells. Left: second-order finite differences form a narrow tridiagonal band of width three. Center: fourth-order finite differences form a pentadiagonal band of width five. Right: the spectral matrix is completely dense, with every off-diagonal entry filled. The sequence shows spectral methods as the limit of finite differences when the stencil spans the whole domain."
"Chapter 5: Differentiation Matrices","Figure","Fig. 5.3","fig5_3","figures/ch05/python/periodic_cardinal_functions.pdf","Periodic cardinal functions $phi_j (x)$ for $N = 16$ equispaced nodes on $[0, 2 pi)$. Each function peaks at value $1$ at its corresponding node $x_j$ and vanishes at all other nodes, satisfying the cardinal property $phi_j (x_k) = delta_(j k)$. The oscillations decay smoothly away from each peak, in contrast to the boundary-amplified oscillations seen in Lagrange basis polynomials for non-periodic interpolation.","Overlaid curves of periodic cardinal functions phi-j on the interval zero to two pi for sixteen equispaced nodes. Each smooth oscillating curve rises to a value of one at its own node and crosses zero at every other node, satisfying the cardinal property. The oscillations damp smoothly with distance from each peak, with no growth toward the domain ends, unlike the boundary-amplified oscillations of Lagrange polynomials in non-periodic interpolation."
"Chapter 5: Differentiation Matrices","Figure","Fig. 5.4","fig5_4","figures/ch05/python/spectral_matrix_structure.pdf","Structure of the periodic spectral differentiation matrix for $N = 16$. _Left_: heatmap showing the matrix entries. The Toeplitz (constant diagonal) structure is evident, as is the skew-symmetry ($D^top = -D$) with positive values (red) appearing where negative values (blue) appear in the transpose. _Right_: the first row entries $D_(0,k)$ (blue dots) plotted against the column offset $k = j - i$. The dashed red curve shows the continuous cotangent function $1/2 dot (-1)^k cot(k pi / N)$ from @eq-spectral-periodic, confirming that the discrete matrix entries lie exactly on this curve. The antisymmetric pattern ($D_(0,k) = -D_(0,-k)$) reflects the skew-symmetry of~$D$.","Two panels characterizing the periodic spectral differentiation matrix for sixteen points. Left: a color heatmap of the matrix entries showing constant-diagonal Toeplitz structure and skew-symmetry, with red positive values mirrored by blue negative values across the diagonal. Right: a scatter plot of the first-row entries D-zero-k against column offset k, with blue dots lying exactly on a dashed red curve given by one half times minus-one to the power k times cotangent of k pi over N, and an antisymmetric shape confirming the skew-symmetry."
"Chapter 5: Differentiation Matrices","Figure","Fig. 5.5","fig5_5","figures/ch05/python/spectral_derivatives_demo.pdf","Spectral differentiation of $u(x) = e^(sin^2 x)$ using $N = 64$ grid points. Left: the function $u$ (navy) and its first derivative $u'$ exact (coral) vs. spectral (teal circles). Right: second derivative $u''$ exact (purple) vs. spectral (teal squares). The maximum errors, displayed in each panel, are near machine precision ($approx 10^(-14)$). This remarkable accuracy with relatively few points is the hallmark of spectral methods for smooth periodic functions.","Two panels showing spectral differentiation of u of x equals e to the power sine squared x with sixty-four points. Left: the navy function curve together with its first derivative, where the exact coral curve and the teal circle markers coincide. Right: the second derivative, with the exact purple curve and teal square markers coinciding. Maximum errors annotated in each panel are near machine precision, about ten to the power minus fourteen, demonstrating spectral accuracy for smooth periodic functions."
"Chapter 5: Differentiation Matrices","Table","Table 5.1","tbl5_1","live text table (no image file)","Convergence of spectral differentiation for $u(x) = e^(sin^2 x)$. The maximum errors $norm(u' - D bold(u))_infinity$ and $norm(u'' - D^2 bold(u))_infinity$ decrease exponentially as $N$ increases, reaching machine precision by $N = 64$.","Table reporting maximum errors in the first and second spectral derivatives of e to the power sine squared x as the grid size N grows from eight to sixty-four, showing both errors fall exponentially to machine precision by sixty-four points."
"Chapter 5: Differentiation Matrices","Figure","Fig. 5.6","fig5_6","figures/ch05/python/stencil_pyramid.pdf","Fornberg's recursive algorithm visualized as a ""stencil pyramid."" Each box represents a weight $delta_m^((k, n))$ for node index $k$ in a stencil of $n + 1$ nodes. The algorithm builds from top (single node) to bottom (full stencil). Green arrows indicate updates to existing node weights via @eq-fornberg-old; red arrows show computation of new node weights via @eq-fornberg-new. The recursive structure ensures numerical stability.","Triangular diagram of Fornberg's recursive algorithm drawn as a stencil pyramid. Each row is one level holding boxes that represent weights delta for node index k in a stencil of n plus one nodes, with the single-node top widening to the full stencil at the bottom. Green arrows show updates to existing node weights and red arrows show computation of each newly added node's weight, and the layered dependencies illustrate why the recursion is numerically stable."
"Chapter 5: Differentiation Matrices","Figure","Fig. 5.7","fig5_7","figures/ch05/python/convergence_comparison.pdf","Differentiation error comparison: finite differences versus spectral method. The test function is $u(x) = 1/(2 + sin(x))$ on the periodic domain $[0, 2pi)$. Finite difference methods (FD2, FD4, FD6) exhibit algebraic convergence with the expected rates $O(N^(-2))$, $O(N^(-4))$, $O(N^(-6))$. The spectral method achieves geometric (exponential) convergence, reaching near machine precision around $N = 50$. Dashed lines show theoretical convergence rates.","Semilogarithmic plot of differentiation error versus grid size N, with error on a logarithmic vertical axis and N on a linear horizontal axis, for the test function one over two plus sine x. The three finite-difference curves, labelled FD2, FD4, and FD6, bend downward with progressively steeper algebraic slopes matching N to the minus two, minus four, and minus six, shown against dashed reference lines. The spectral curve falls as a straight line, reaching near machine precision around N equals fifty, dramatically outperforming the finite-difference schemes."
"Chapter 5: Differentiation Matrices","Figure","Fig. 5.8","fig5_8","figures/ch05/python/higher_order_derivatives.pdf","Higher-order spectral derivatives of $u(x) = e^(-sin(2x))$ using $N = 32$ grid points. Each panel compares the exact derivative (navy curve) with the spectral approximation (colored markers). The maximum errors, displayed in each panel, grow with derivative order---from $approx 10^(-7)$ for the first derivative to $approx 10^(-2)$ for the fourth. This error amplification is intrinsic to numerical differentiation.","Four-panel grid showing the first four spectral derivatives of u of x equals e to the power minus sine of two x with thirty-two points. In each panel the exact derivative is a navy curve and the spectral approximation is overlaid colored markers that track it closely. Annotated maximum errors increase with derivative order, from about ten to the power minus seven for the first derivative up to about ten to the power minus two for the fourth, illustrating the intrinsic error amplification of repeated numerical differentiation."
"Chapter 5: Differentiation Matrices","Table","Table 5.2","tbl5_2","live text table (no image file)","Convergence of spectral differentiation for $u(x) = e^(-sin(2x))$ at different derivative orders. Each column shows the maximum error $norm(u^((m)) - D^m bold(u))_infinity$ for the $m$-th derivative. While spectral convergence is achieved for all orders, higher derivatives require more grid points to reach a given accuracy.","Table reporting maximum errors of the first through fourth spectral derivatives of e to the power minus sine of two x across grid sizes N from eight to sixty-four, showing exponential convergence for every order while higher derivatives need more points to reach a given accuracy."
"Chapter 5: Differentiation Matrices","Figure","Fig. 5.9","fig5_9","figures/ch05/python/d2_comparison.pdf","Matrix squaring for second derivatives with $N = 16$. _Left_: structure of $D^2 = D dot D$, showing the Toeplitz pattern inherited from $D$. _Center_: eigenvalues of $D^2$ (circles) compared to the theoretical values $-k^2$ (squares), confirming spectral accuracy. _Right_: second derivative of $u(x) = e^(-sin(2x))$ computed via $D^2 bold(u)$, showing excellent agreement with the exact solution.","Three panels on matrix squaring for second derivatives with sixteen points. Left: a heatmap of the squared matrix D-squared showing the same Toeplitz constant-diagonal pattern inherited from D. Center: a scatter comparing the eigenvalues of D-squared, drawn as circles, with the theoretical values minus k squared, drawn as squares, which coincide. Right: the second derivative of e to the power minus sine of two x computed by applying D-squared, with the numerical result matching the exact curve."
"Chapter 5: Differentiation Matrices","Figure","Fig. 5.10","fig5_10","figures/ch05/python/harmonic_oscillator.pdf","The quantum harmonic oscillator solved with the periodic spectral method. _Left_: First five eigenfunctions computed with $N = 64$ equispaced points on $[-8, 8]$ (dots) compared to exact Hermite functions (lines). _Right_: Eigenvalue error versus $N$ for the first four eigenvalues. The error decreases faster than any exponential, reaching machine precision around $N = 36$.","Two panels for the quantum harmonic oscillator solved by the periodic spectral method. Left: the first five eigenfunctions on the interval minus eight to eight using sixty-four points, with computed dots lying on the exact Hermite-function curves. Right: a semilog plot of eigenvalue error versus N for the first four eigenvalues, where each error curve drops faster than exponentially and reaches machine precision near N equals thirty-six."
"Chapter 5: Differentiation Matrices","Table","Table 5.3","tbl5_3","live text table (no image file)","Computed eigenvalues of the harmonic oscillator with the periodic spectral method ($N = 36$, $L = 8$). The exact values are $lambda_n = 2n + 1$.","Table listing the harmonic oscillator eigenvalues computed by the periodic spectral method at N equals thirty-six, showing close agreement with the exact values lambda-n equals two n plus one."
"Chapter 6: Smoothness and Spectral Accuracy","Table","Table 6.1","tbl6_1","live text table (no image file)","The smoothness hierarchysmoothness hierarchy and corresponding Fourier decay rates. More smoothness implies faster decay.","A three-column reference table listing smoothness classes against their Fourier-coefficient decay rates and a representative example for each, ranging from bounded-variation functions decaying like one over k up to band-limited functions with compactly supported spectra; the takeaway is that greater smoothness yields progressively faster decay."
"Chapter 6: Smoothness and Spectral Accuracy","Figure","Fig. 6.1","fig6_1","figures/ch06/python/decay_hierarchy.pdf","The decay hierarchy of Fourier coefficients. Functions with greater smoothness exhibit faster decay: algebraic ($O(k^(-4))$) for finite regularity, geometric ($O(e^(-alpha k))$) for strip-analytic functions, and super-geometric for entire functions. The plot shows $|hat(f)_k|$ versus wavenumber $k$ on a semi-log scale.","A semi-log plot of Fourier-coefficient magnitude versus wavenumber k for three test functions, with the vertical axis logarithmic and the horizontal axis linear. The piecewise-smooth absolute-sine-cubed function gives a slowly bending downward curve (algebraic decay like k to the power minus four), the strip-analytic one over one-plus-sine-squared traces a nearly straight descending line (geometric decay), and the entire function e to the sine of x falls off faster than any straight line (super-geometric decay), cleanly separating the three smoothness regimes."
"Chapter 6: Smoothness and Spectral Accuracy","Figure","Fig. 6.2","fig6_2","figures/ch06/python/aliasing_visualization.pdf","The aliasing phenomenon. _Left_: A function $f(x) = sin(x) + 0.5 sin(10 x)$ sampled at $N = 12$ points. The high-frequency component $sin(10 x)$ aliases to $sin(-2 x)$, producing a misleading interpolant. _Center_: Frequency folding diagram showing how wavenumbers $k = 10$ and $k = -10$ fold into the resolved range $[-6, 6]$. _Right_: True versus aliased spectrum for $f(x) = 1/(1.5 + cos(x))$.","A three-panel illustration of aliasing. Left: a sine plus a higher-frequency sine sampled at only twelve points, where an interpolant drawn through the samples follows a misleading low-frequency curve rather than the true rapid oscillation. Center: a frequency-folding diagram showing how wavenumbers ten and minus ten outside the resolvable band fold back into the range minus six to six. Right: a comparison of the true spectrum computed from many samples against the aliased spectrum from few samples, where unresolved high modes contaminate the low ones."
"Chapter 6: Smoothness and Spectral Accuracy","Figure","Fig. 6.3","fig6_3","figures/ch06/python/convergence_rates.pdf","Spectral differentiation convergence rates for three functions of increasing smoothness. The error is measured in the maximum norm $norm(f' - D bold(f))_infinity$. Functions with greater smoothness achieve faster convergence, exactly as predicted by Theorem 4.","A semi-log convergence plot with maximum-norm spectral differentiation error on the logarithmic vertical axis versus the number of grid points N on the horizontal axis, for three functions of increasing smoothness. The only-twice-differentiable absolute-sine-cubed function declines slowly along an algebraic trend like N to the power minus three; the strip-analytic one over one-plus-sine-squared falls as a straight line indicating geometric convergence; and the entire function e to the sine of x plunges almost vertically to machine precision near N equals thirty, demonstrating super-geometric convergence as predicted by the differentiation theorem."
"Chapter 7: Chebyshev Differentiation Matrices","Figure","Fig. 7.1","fig7_1","figures/ch07/python/grid_comparison.pdf","Comparison of equispaced and Chebyshev-Gauss-Lobatto grids for $N = 16$ intervals. Top: equispaced points are distributed uniformly. Middle: Chebyshev points cluster near the boundaries. Bottom left: the circle projection interpretation: Chebyshev points are the projections of equally-spaced points on a semicircle. Bottom right: comparison of grid spacing near the left boundary, showing the $O(N^(-2))$ clustering of Chebyshev points.","Four-panel comparison of node distributions on the interval minus one to one for sixteen intervals. The top panel shows equispaced points spread uniformly along the line; the middle panel shows Chebyshev-Gauss-Lobatto points bunched tightly near both endpoints and sparse in the centre. The bottom-left panel draws a semicircle with equally spaced points around its arc dropping vertical projections down to the axis, illustrating that Chebyshev nodes are these projections. The bottom-right panel compares spacing near the left boundary, showing Chebyshev gaps shrinking like one over N squared versus the uniform one over N gaps of the equispaced grid."
"Chapter 7: Chebyshev Differentiation Matrices","Figure","Fig. 7.2","fig7_2","figures/ch07/python/cheb_matrix_structure.pdf","Structure of the Chebyshev differentiation matrix for $N = 16$. Left: heatmap showing the matrix entries, with red indicating positive values and blue indicating negative. The large corner entries $(D_N)_(0 0)$ and $(D_N)_(N N)$ are visible. Right: row profiles showing boundary row (red) and interior row (green). The boundary row has large entries reflecting the $O(N^2)$ corner values.","Two-panel view of the sixteen-by-sixteen Chebyshev differentiation matrix. The left panel is a heatmap of the matrix entries with red for positive and blue for negative values, dominated by the two large opposite-sign corner entries at the top-left and bottom-right; the off-diagonal pattern shows alternating signs. The right panel overlays two row profiles versus column index: the boundary row in red towers far above the interior row in green, whose entries are too small to discern at this shared scale, dramatizing the order N squared size of the corner values."
"Chapter 7: Chebyshev Differentiation Matrices","Figure","Fig. 7.3","fig7_3","figures/ch07/python/cheb_matrix_interior_row.pdf","Interior row profile of the Chebyshev differentiation matrix ($i = 9$, $N = 16$). Unlike the boundary row with entries of order $O(N^2)$, interior rows have much smaller magnitudes. The largest entry in absolute value is the diagonal element $D_(9,9)$, with oscillating signs typical of differentiation stencils.","Line-and-marker profile of a single interior row, row nine, of the sixteen-by-sixteen Chebyshev differentiation matrix, plotting entry value against column index. The curve oscillates with alternating positive and negative signs, the largest magnitude at the diagonal column nine, with smaller but non-negligible spikes persisting at the boundary columns zero and sixteen, illustrating the global reach of spectral differentiation and stencil-like sign alternation at far smaller magnitude than a boundary row."
"Chapter 7: Chebyshev Differentiation Matrices","Figure","Fig. 7.4","fig7_4","figures/ch07/python/cheb_cardinal.pdf","Chebyshev cardinal functions (Lagrange basis polynomials). Left: several cardinal functions for $N = 10$, each peaking at value $1$ at its corresponding node and vanishing at all others. Right: a single cardinal function with tangent lines at the grid points---the slopes of these tangent lines are precisely the entries in the corresponding column of the differentiation matrix.","Two panels illustrating Chebyshev cardinal (Lagrange basis) functions. The left panel overlays several smooth polynomial curves for ten intervals, each rising to exactly one at its own node and crossing zero at every other node, with oscillations between nodes. The right panel isolates one cardinal function and draws short tangent line segments at each grid point; the caption notes these tangent slopes equal the entries of the matching column of the differentiation matrix."
"Chapter 7: Chebyshev Differentiation Matrices","Figure","Fig. 7.5","fig7_5","figures/ch07/python/cheb_diff_demo.pdf","Chebyshev spectral differentiation of the Witch of Agnesi $u(x) = 1/(1 + 4x^2)$. Top row: function values at Chebyshev points. Bottom row: comparison of exact and spectral derivatives, with maximum errors indicated. The error decreases exponentially with $N$.","Grid of panels demonstrating Chebyshev spectral differentiation of the Witch of Agnesi, one over one plus four x squared, for ten and twenty grid points. The top row plots the bell-shaped function values sampled at the clustered Chebyshev points. The bottom row overlays the exact derivative curve with the spectral approximation, which sits essentially on top of it, annotated with the maximum error; the error shrinks sharply from ten to twenty points, confirming exponential convergence."
"Chapter 7: Chebyshev Differentiation Matrices","Table","Table 7.1","tbl7_1","live text table (no image file)","Maximum differentiation error for the Witch of Agnesi $u(x) = 1/(1 + 4x^2)$. The error decreases exponentially with $N$.","Table listing the maximum Chebyshev differentiation error for the Witch of Agnesi at grid sizes from four up to fifty, showing the error falling from order one tenth to about six times ten to the power minus nine, demonstrating exponential decay with N."
"Chapter 7: Chebyshev Differentiation Matrices","Figure","Fig. 7.6","fig7_6","figures/ch07/python/convergence_waterfall.pdf","Convergence of the spectral differentiation error $norm(D_N bold(v) - u'(bold(x)))_infinity$ as a function of $N$ for four test functions. Top left: $|x|^(5/2)$ shows algebraic convergence $O(N^(-2.5))$ due to limited smoothness (Hölder regularity $5/2$). Top right: the bump function $e^(-1/(1-x^2))$ achieves superalgebraic (faster than any power) but not exponential convergence, consistent with $C^oo$ but non-analytic behavior. Bottom left: $tanh(5x)$ demonstrates exponential convergence until machine precision, as expected for analytic functions. Bottom right: the polynomial $x^8$ is differentiated exactly for $N gt.eq.slant 8$.","Four log-scale convergence plots of maximum differentiation error versus the number of points N, one per test function, with the vertical error axis logarithmic. Top left, the function absolute value of x to the five-halves power follows a straight algebraic descent of slope about minus two and a half set by its limited Holder smoothness. Top right, the bump function e to the power minus one over one minus x squared falls faster than any straight power-law line yet does not reach the exponential straight line, the super-algebraic regime. Bottom left, hyperbolic tangent of five x descends as a straight line on the semilog axes down to machine precision, the geometric analytic regime. Bottom right, the polynomial x to the eighth drops abruptly to round-off and stays flat once N reaches eight, being differentiated exactly."
"Chapter 8: Boundary Value Problems","Figure","Fig. 8.1","fig8_1","figures/ch08/python/poisson_1d.pdf","Solution of the 1D Poisson equation @eq-poisson-1d. Left: numerical solution (circles) compared with exact solution (line) for $N = 16$. Right: exponential convergence of the maximum error, reaching machine precision by $N = 24$.","Two side-by-side panels. The left panel plots the one-dimensional Poisson solution on the interval from minus one to one: open circles for the Chebyshev numerical values at N equals sixteen sit exactly on the solid exact-solution curve, which dips and rises in a smooth wave. The right panel is a semilog plot of maximum error versus N, with the error axis logarithmic; the markers fall along a straight descending line, reaching machine precision near ten to the power minus sixteen by N equals twenty-four, demonstrating exponential spectral convergence."
"Chapter 8: Boundary Value Problems","Table","Table 8.1","tbl8_1","live text table (no image file)","Convergence of the Chebyshev spectral method for the Poisson equation @eq-poisson-1d. The error decreases exponentially with $N$ until machine precision ($approx 2.2 times 10^(-16)$) is reached at $N = 24$.","Table listing maximum error against polynomial degree N for the one-dimensional Poisson problem, showing the error dropping roughly two orders of magnitude per increment of two in N until it flattens at machine precision, about two point two times ten to the power minus sixteen, by N equals twenty-four."
"Chapter 8: Boundary Value Problems","Figure","Fig. 8.2","fig8_2","figures/ch08/python/variable_coeff.pdf","Variable coefficient BVP @eq-variable-coeff. Left: comparison of solutions for variable coefficient $(1 + x^2)$ and constant coefficient $(1)$. The variable coefficient reduces the solution amplitude, especially near the boundaries where $1 + x^2$ is largest. Right: verification of the constant-coefficient case against its exact solution.","Two side-by-side panels. The left panel overlays two solution curves on the interval from minus one to one: the variable-coefficient case with coefficient one plus x squared has visibly smaller amplitude than the constant-coefficient case, the suppression being strongest near the boundaries where the coefficient is largest. The right panel verifies the constant-coefficient computation against its exact solution, with the numerical markers lying on the exact curve."
"Chapter 8: Boundary Value Problems","Figure","Fig. 8.3","fig8_3","figures/ch08/python/mixed_bc.pdf","Mixed boundary conditions @eq-mixed-bc. Left: the solution rises from $u(-1) = 0$ (Dirichlet) to a maximum at $x = 1$ where the slope is zero (Neumann, insulated). Right: spectral convergence reaches approximately $10^(-14)$ by $N = 16$, after which round-off effects from the large entries in $D_N$ near the boundary cause a slight accuracy plateau.","Two side-by-side panels. The left panel shows the mixed boundary-condition solution rising from zero at the left Dirichlet boundary at x equals minus one to a maximum at the right boundary x equals one, where the curve flattens to zero slope reflecting the insulated Neumann condition. The right panel is a semilog convergence plot of maximum error versus N; the error falls spectrally to roughly ten to the power minus fourteen by N equals sixteen, then plateaus as round-off from the large derivative-matrix boundary entries limits further gains."
"Chapter 8: Boundary Value Problems","Table","Table 8.2","tbl8_2","live text table (no image file)","Convergence for the mixed BC problem @eq-mixed-bc. The error decreases spectrally until $N approx 16$, reaching $approx 10^(-14)$. Unlike the pure Dirichlet case (@tbl-poisson-convergence), which reaches machine precision at $10^(-16)$, the Neumann condition enforced through the first derivative matrix $D_N$ introduces a slightly higher noise floor. This is because the entries of $D_N$ at the boundary grow as $cal(O)(N^2)$, amplifying round-off errors.","Table of maximum error versus N for the mixed Dirichlet-Neumann problem, showing spectral decay that levels off near ten to the power minus fourteen, a slightly higher noise floor than the pure Dirichlet case because the boundary entries of the first-derivative matrix grow as order N squared and amplify round-off."
"Chapter 8: Boundary Value Problems","Figure","Fig. 8.4","fig8_4","figures/ch08/python/bratu.pdf","Nonlinear BVP: the Bratu equation @eq-bratu with $lambda = 0.5$. Left: solutions for different values of $N$. Right: convergence history comparing Newton iteration (quadratic convergence) with fixed-point iteration (linear convergence). Newton typically converges in $5$--$8$ iterations.","Two side-by-side panels for the nonlinear Bratu equation with lambda equal to one half. The left panel shows the symmetric bell-shaped solution computed for several values of N, the curves overlapping to confirm convergence. The right panel is a semilog convergence-history plot of residual or correction norm versus iteration number: Newton iteration drops almost vertically in five to eight steps showing quadratic convergence, while fixed-point iteration declines along a gentle straight line showing slow linear convergence."
"Chapter 8: Boundary Value Problems","Figure","Fig. 8.5","fig8_5","figures/ch08/python/eigenvalue_problem.pdf","Eigenvalue problem @eq-eigenvalue for $N = 36$. Six eigenmodes are shown with their points per wavelength (ppw) and eigenvalue errors. Low modes (high ppw) are resolved to near machine precision. As ppw drops below $pi approx 3.14$, accuracy degrades rapidly. This is not a bug but a fundamental resolution limit.","A grid of six panels, each showing one computed eigenmode of the Laplacian for N equals thirty-six, plotted on the interval from minus one to one and annotated with its points per wavelength and eigenvalue error. The low modes with high points per wavelength are smooth sinusoids resolved to near machine precision, while higher modes approaching pi, about three point one four, points per wavelength become visibly distorted as accuracy collapses, illustrating the fundamental resolution limit."
"Chapter 8: Boundary Value Problems","Table","Table 8.3","tbl8_3","live text table (no image file)","Eigenvalue accuracy for $N = 36$. The points per wavelength (ppw) equals $2 N / n$. For modes with ppw $gt.eq.slant pi$, both absolute and relative errors are near machine precision. The transition at ppw $approx pi$ is remarkably sharp: mode 23 (ppw $= 3.13 approx pi$) already shows $approx 3%$ relative error, and beyond this threshold accuracy collapses completely.","Table comparing exact and numerical eigenvalues for N equals thirty-six with their points per wavelength and absolute and relative errors, showing near machine precision for modes above pi points per wavelength and an abrupt collapse of accuracy at mode twenty-three, where points per wavelength reaches about pi."
"Chapter 8: Boundary Value Problems","Figure","Fig. 8.6","fig8_6","figures/ch08/python/tensor_grid.pdf","Chebyshev tensor product grid for $N = 16$. Points cluster near all four boundaries, providing the boundary resolution needed for spectral accuracy in two dimensions.","A scatter plot of the Chebyshev tensor-product collocation grid on the square from minus one to one for N equals sixteen. The points form a grid that is dense near all four edges and corners and sparse in the interior, the clustering toward the boundaries supplying the resolution that gives spectral accuracy in two dimensions."
"Chapter 8: Boundary Value Problems","Figure","Fig. 8.7","fig8_7","figures/ch08/python/poisson_2d.pdf","Solution of the 2D Poisson equation @eq-poisson-2d. Left: 3D surface plot of the solution. Right: contour plot with Chebyshev grid points overlaid. For $N = 16$, the maximum error is approximately $10^(-12)$.","Two side-by-side panels for the two-dimensional Poisson problem at N equals sixteen. The left panel is a three-dimensional surface of the solution, a single smooth hump rising from the flat zero boundary. The right panel is a contour plot of the same solution with the clustered Chebyshev grid points overlaid; the maximum error is about ten to the power minus twelve."
"Chapter 8: Boundary Value Problems","Figure","Fig. 8.8","fig8_8","figures/ch08/python/laplacian_sparsity.pdf","Sparsity pattern of the 2D Laplacian matrix for $N = 16$. The $(N-1)^2 times (N-1)^2$ matrix shows the characteristic block structure arising from the Kronecker product formulation @eq-laplacian-2d.","A sparsity, or spy, plot of the two-dimensional Laplacian matrix for N equals sixteen, an array of size N minus one squared by N minus one squared. Nonzero entries appear as dots forming a regular block-banded pattern: dense diagonal blocks from one Kronecker term and scattered diagonal stripes from the other, the structure arising from the Kronecker product construction."
"Chapter 8: Boundary Value Problems","Table","Table 8.4","tbl8_4","live text table (no image file)","Sparsity statistics for the 2D Laplacian matrix $L = I times.o D^2 + D^2 times.o I$. While the density decreases as $cal(O)(1/N)$, each row has $2(N - 1) - 1$ nonzeros, growing linearly with $N$. For comparison, a standard second-order finite difference stencil on the same grid has exactly 5 nonzeros per row regardless of $N$. This denser coupling is the price paid for spectral (exponential) convergence.","Table of sparsity statistics for the two-dimensional Laplacian across increasing N, reporting matrix size, nonzero count, percentage density, and nonzeros per row, showing density falling roughly as one over N while nonzeros per row grow linearly, far denser than the fixed five-point finite-difference stencil, the cost of spectral convergence."
"Chapter 8: Boundary Value Problems","Figure","Fig. 8.9","fig8_9","figures/ch08/python/helmholtz.pdf","Étude 8.7: Helmholtz equation @eq-helmholtz at $k = 7$, near resonance with the $(2, 4)$ eigenmode at $k_(2,4) approx 7.02$ (four panels in a 2$times$2 grid). _(a)_: 3D surface of the solution $u(x, y)$ showing the wave-like structure. _(b)_: contour plot with the localised Gaussian forcing centre marked. _(c)_: amplitude $|u|$ at the forcing centre as $k$ sweeps over $[3, 12]$ on a semi-log axis --- the curve spikes sharply at $k = k_(2, 4)$ (coral dashed line) and at the other Dirichlet eigenvalues (faint grey lines), with smaller bumps where the forcing weakly couples to those modes. _(d)_: the $(2, 4)$ Dirichlet eigenmode itself, $sin(2 pi (x + 1) / 2) sin(4 pi (y + 1) / 2)$. Comparing (b) and (d) directly shows that the near-resonant solution *locks onto* the spatial pattern of the $(2, 4)$ mode --- this is the mechanism behind the spike in (c).","Four panels in a two-by-two grid for the Helmholtz equation at wavenumber k equals seven, near resonance with the two-four eigenmode at about k equals seven point zero two. Panel a is a three-dimensional surface of the solution showing oscillatory wave-like structure. Panel b is a contour plot with the localized Gaussian forcing centre marked. Panel c is a semilog plot of solution amplitude at the forcing centre as k sweeps from three to twelve, spiking sharply at the two-four eigenvalue marked by a coral dashed line and at other Dirichlet eigenvalues marked by faint grey lines. Panel d shows the two-four Dirichlet eigenmode itself; its contours match those of panel b, revealing that the near-resonant solution locks onto the eigenmode pattern."
"Chapter 8: Boundary Value Problems","Figure","Fig. 8.10","fig8_10","figures/ch08/python/harmonic_oscillator.pdf","The quantum harmonic oscillator solved with Chebyshev spectral methods. _Left_: First five eigenfunctions computed with $N = 64$ Chebyshev--Gauss--Lobatto points on $[-8, 8]$ (dots) compared to exact Hermite functions (lines). _Right_: Eigenvalue convergence comparison between the Fourier and Chebyshev methods for $lambda_0$ and $lambda_1$. Both methods achieve spectral convergence, but the Fourier approach reaches machine precision with fewer points.","Two side-by-side panels for the quantum harmonic oscillator. The left panel overlays the first five eigenfunctions on the interval from minus eight to eight: Chebyshev numerical values shown as dots sit on the solid exact Hermite-function curves, the wavefunctions oscillating in the centre and decaying to zero at the edges. The right panel is a semilog convergence plot of eigenvalue error versus N for the lowest two eigenvalues, comparing the Fourier and Chebyshev methods; both descend exponentially to machine precision, but the Fourier curves reach it with noticeably fewer points."
"Chapter 8: Boundary Value Problems","Table","Table 8.5","tbl8_5","live text table (no image file)","Eigenvalue errors for the quantum harmonic oscillator: Fourier vs Chebyshev methods with $L = 8$. Both methods achieve machine precision, but the Fourier method converges faster for this particular problem.","Table comparing Fourier and Chebyshev eigenvalue errors for the lowest two states of the quantum harmonic oscillator with domain half-width eight across increasing N, showing both methods reaching machine precision but the Fourier method converging faster for this problem."
"Chapter 9: Physical and Fourier Space on Grids","Figure","Fig. 9.1","fig9_1","figures/ch09/python/two_views_function.pdf","Two views of the same function $u(x) = e^(-x^2) cos(3 x)$. _Left_: Physical space representation showing the oscillating, localized wavepacket. _Right_: Fourier space representation showing the magnitude of the Fourier transform on a logarithmic scale. The rapid decay of $|hat(u)(k)|$ reflects the smoothness of $u(x)$.","Two side-by-side panels of the same Gaussian-modulated cosine, u of x equals e to the power minus x squared times cosine of three x. The left panel plots u against position x in physical space, showing an oscillatory wavepacket confined under a bell-shaped envelope that decays toward zero for large absolute x. The right panel plots the magnitude of the Fourier transform against wavenumber k on a logarithmic vertical axis, showing two peaks near k equals plus and minus three and a rapid drop-off away from them, illustrating that this smooth function has a fast-decaying spectrum."
"Chapter 9: Physical and Fourier Space on Grids","Table","Table 9.1","tbl9_1","live text table (no image file)","Fundamental properties of the Fourier transform. Operations in physical space correspond to simple algebraic operations in Fourier space.","Table listing fundamental Fourier-transform properties, pairing each physical-space operation (linearity, translation, modulation, differentiation, convolution, multiplication) with its simpler Fourier-space counterpart, highlighting that differentiation becomes multiplication by i times k."
"Chapter 9: Physical and Fourier Space on Grids","Table","Table 9.2","tbl9_2","live text table (no image file)","Physical versus Fourier variables for three settings. Discreteness in physical space implies boundedness in Fourier space; periodicity in physical space implies discreteness in Fourier space.","Table comparing physical and Fourier variables across three settings (continuous functions, the infinite grid of spacing h, and a periodic grid of N points), showing that discreteness in physical space bounds the wavenumber range while periodicity in physical space makes wavenumbers discrete."
"Chapter 9: Physical and Fourier Space on Grids","Figure","Fig. 9.2","fig9_2","drawn vector illustration (no image file)","The infinite grid $h ZZ$ with grid points $x_j = j h$ for $j in ZZ$.","Schematic of the infinite uniform grid, a horizontal line carrying a row of evenly spaced filled dots labeled by their indices from x sub minus five through x sub five, with the constant separation marked as grid spacing h. It depicts sampling the real line at points x sub j equal to j times h."
"Chapter 9: Physical and Fourier Space on Grids","Figure","Fig. 9.3","fig9_3","figures/ch09/python/aliasing_demo.pdf","Aliasing on the grid $h = 1/4$. The functions $sin(pi x)$ and $sin(9 pi x)$ are distinct continuous functions (solid and dashed curves), but they coincide at every grid point (black dots). The wavenumber $9 pi$ aliases to $pi$ because $9 pi = pi + 2 pi dot 4 = pi + 2 pi / h$.","Two sine waves of very different frequency plotted over position x, sine of pi x drawn solid and sine of nine pi x drawn dashed, sampled on a grid of spacing one quarter. Although the two continuous curves look completely different, the black sample dots lie exactly on both curves at every grid point, demonstrating that wavenumber nine pi aliases to pi because they differ by two pi over h."
"Chapter 9: Physical and Fourier Space on Grids","Figure","Fig. 9.4","fig9_4","figures/ch09/python/sinc_interpolation.pdf","Band-limited interpolation of three grid functions ($h = 1$). _Top_: The Kronecker delta $delta_j$ and its interpolant, the sinc function $S_h (x)$. _Middle_: A discrete square wave and its interpolant, exhibiting the Gibbs phenomenon near discontinuities. _Bottom_: A discrete triangular (hat) function and its interpolant, showing moderate oscillations.","Three stacked panels showing band-limited sinc interpolation of grid functions with spacing one. The top panel plots a single Kronecker delta spike and its smooth sinc-function interpolant with decaying side lobes. The middle panel plots a discrete square wave whose interpolant overshoots and ripples near the jumps, the Gibbs phenomenon. The bottom panel plots a discrete triangular hat function whose interpolant is smoother but still shows mild oscillations, illustrating that interpolation quality tracks the underlying smoothness."
"Chapter 9: Physical and Fourier Space on Grids","Table","Table 9.3","tbl9_3","live text table (no image file)","FFT indexing conventions for $N$ even. The wavenumber vector in Python is `np.fft.fftfreq(N)*N`, and in MATLAB it is `[0:N/2, -N/2+1:-1]`.","Table mapping FFT index conventions for even N across MATLAB one-based indices, Python zero-based indices, and the mathematical wavenumber k, identifying which entries hold the constant mean, positive modes, the Nyquist mode, and negative modes."
"Chapter 9: Physical and Fourier Space on Grids","Table","Table 9.4","tbl9_4","live text table (no image file)","Maximum error in the spectral derivative of $f(x) = exp(sin x)$ for various grid sizes $N$. The exponential convergence to machine precision is characteristic of spectral methods applied to analytic functions.","Table of the maximum error in the FFT-based spectral derivative of e to the power sine x for grid sizes N from four to thirty-two, showing the error plunging from about ten to the power minus one to machine precision near ten to the power minus fifteen, the signature of exponential spectral convergence for analytic functions."
"Chapter 9: Physical and Fourier Space on Grids","Figure","Fig. 9.5","fig9_5","figures/ch09/python/fft_aliasing.pdf","Aliasing in the FFT of $sin(17 x)$ with $N = 32$ points. The true frequency $k = 17$ lies above the Nyquist limit $N/2 = 16$. The FFT shows a spike at $k = -15$ because $17 = -15 + 32$: the frequency ""wraps around"" the Nyquist boundary.","Stem or bar plot of the FFT magnitude spectrum of sine of seventeen x sampled at thirty-two points, with wavenumber k on the horizontal axis spanning the resolved range. Instead of a peak at the true frequency seventeen, which lies above the Nyquist limit of sixteen, a single dominant spike appears at k equals minus fifteen, since seventeen wraps around to minus fifteen plus thirty-two."
"Chapter 9: Physical and Fourier Space on Grids","Figure","Fig. 9.6","fig9_6","figures/ch09/python/eye_aliasing.pdf","Visual aliasing: $sin(n)$ for integer $n = 1, dots, 3000$. Although the function oscillates rapidly (nearly one radian per step), the plotted points appear to trace a slowly varying envelope. The eye, acting as a sampler, aliases the high frequency to a low-frequency pattern.","Scatter plot of sine of n for integer n running from one to three thousand, with n on the horizontal axis and the sampled value on the vertical axis. Although the underlying sequence oscillates by nearly one radian per step, the plotted points group into a slowly varying band of overlapping sinusoidal stripes, an illusory low-frequency envelope produced because the eye undersamples the rapid oscillation."
"Chapter 9: Physical and Fourier Space on Grids","Figure","Fig. 9.7","fig9_7","figures/ch09/python/smoothness_spectra.pdf","Fourier spectra of three functions with different smoothness. _Left_: $exp(sin x)$ (analytic) shows exponential decay on a semilog plot. _Center_: Periodic hat function ($C^0$) shows algebraic decay $approx |k|^(-2)$ on a log-log plot. _Right_: Square wave (discontinuous) shows slow decay $approx |k|^(-1)$.","Three side-by-side spectra of periodic functions of differing smoothness. The left panel, on a semilog scale, shows the coefficients of the analytic function e to the power sine x falling on a straight line, indicating exponential decay. The center panel, on a log-log scale, shows the continuous hat function decaying as a power law of slope about minus two. The right panel, also log-log, shows the discontinuous square wave decaying more slowly as a power law of slope about minus one, confirming that lower regularity gives slower spectral decay."
"Chapter 9: Physical and Fourier Space on Grids","Table","Table 9.5","tbl9_5","live text table (no image file)","Smoothness classes and their characteristic Fourier decay rates.","Table linking smoothness classes to their characteristic Fourier decay rates, contrasting analytic functions that decay faster than any power, continuous-but-cornered functions decaying like the inverse square of the wavenumber, and discontinuous functions decaying like the inverse of the wavenumber."
"Chapter 9: Physical and Fourier Space on Grids","Figure","Fig. 9.8","fig9_8","figures/ch09/python/zero_padding_interpolation.pdf","Band-limited interpolation via zero-padding. _Top_: the true function $exp(sin x)$ (dashed), the interpolant from zero-padding to $M = 128$ points (solid), and the $N = 32$ coarse samples (circles). The curves are visually indistinguishable. _Bottom_: pointwise error $|p(x) - f(x)|$ on a logarithmic scale, confirming machine-precision accuracy for this analytic function.","Two stacked panels demonstrating zero-padding interpolation of e to the power sine x from thirty-two coarse samples up to one hundred twenty-eight points. The top panel overlays the true function (dashed), the zero-padded interpolant (solid), and the coarse samples (circles), all visually coincident. The bottom panel plots the pointwise absolute error on a logarithmic vertical axis, hovering near machine precision around ten to the power minus fourteen, confirming essentially exact interpolation for this analytic function."
"Chapter 9: Physical and Fourier Space on Grids","Table","Table 9.6","tbl9_6","live text table (no image file)","Quick reference for Fourier transforms in three settings.","Quick-reference table summarizing the forward and inverse Fourier transforms and their variable ranges for the continuous, semidiscrete, and discrete settings developed in the chapter."
"Chapter 10: Spectral PDE Solvers with Chebyshev and Fourier Grids","Figure","Fig. 10.1","fig10_1","figures/ch10/python/cheb_fourier_geometry.pdf","The Chebyshev--Fourier connection. _Left_: The unit semicircle with equally-spaced angles $theta_j = j pi / N$ projecting to Chebyshev points $x_j = cos theta_j$ on the interval $[-1, 1]$. The clustering near $x = plus.minus 1$ is evident. _Right_: A Chebyshev polynomial $T_n (x)$ can be visualised as a cosine wave $cos(n theta)$ ""wrapped around a cylinder and viewed from the side.""","Two side-by-side geometric diagrams illustrating the Chebyshev-Fourier link. The left diagram shows a unit semicircle with equally spaced angles theta sub j equals j times pi over N marked along the arc; dashed vertical lines project each point down to the horizontal axis, landing on Chebyshev points x sub j equals cosine theta sub j on the interval minus one to one, which visibly bunch together near the two endpoints plus and minus one and spread out near the centre. The right diagram depicts a Chebyshev polynomial T sub n of x as a cosine wave cosine of n theta drawn on a cylinder and viewed edge-on, conveying that the polynomial is a wrapped cosine seen through the cosine map."
"Chapter 10: Spectral PDE Solvers with Chebyshev and Fourier Grids","Figure","Fig. 10.2","fig10_2","figures/ch10/python/chebfft_accuracy.pdf","Chebyshev differentiation via FFT applied to $f(x) = e^x cos(4 x)$. _Left_: The function $f(x)$ on $[-1, 1]$ with Chebyshev nodes marked. _Centre_: Comparison of exact and FFT-computed derivative for $N = 16$. _Right_: Maximum error versus $N$ on a semilog scale, showing the characteristic straight-line descent of spectral convergence until machine precision is reached around $N = 24$.","Three panels demonstrating FFT-based Chebyshev differentiation of the function e to the power x times cosine of four x. The left panel plots the smooth oscillating function on minus one to one with the Chebyshev nodes marked as dots that cluster toward the endpoints. The centre panel overlays the FFT-computed derivative for N equal to sixteen on the exact derivative, the two curves coinciding. The right panel is a semilog plot of maximum error against N, where the error descends in a straight line, signalling exponential spectral convergence, until it flattens at machine precision near ten to the power minus fifteen around N equal to twenty-four."
"Chapter 10: Spectral PDE Solvers with Chebyshev and Fourier Grids","Table","Table 10.1","tbl10_1","live text table (no image file)","Model time integrators for different PDE types. CN denotes Crank--Nicolson.","Table listing model time integrators for each PDE class, giving the semidiscrete form, typical schemes, and stability notes for wave, diffusion, and advection problems, showing that hyperbolic and advection equations use explicit schemes with a time step scaling like N to the minus two while diffusion prefers implicit schemes."
"Chapter 10: Spectral PDE Solvers with Chebyshev and Fourier Grids","Figure","Fig. 10.3","fig10_3","figures/ch10/python/wave1d_waterfall.pdf","Solution of the 1D wave equation @eq-wave-1d with initial half-sine profile. The waterfall plot shows $u(x, t)$ for $t in [0, 6]$. The initial shape splits into two counter-propagating waves, which reflect at the fixed boundaries ($x = plus.minus 1$) with a sign change. The waves pass through each other and interfere, creating the characteristic standing wave pattern.","Waterfall plot of the one-dimensional wave equation solution u of x and t, with the spatial coordinate x from minus one to one along one horizontal axis and time t from zero to six stacked into the depth, the displacement shown as a sequence of offset profiles. The initial half-sine hump splits into two oppositely travelling pulses that bounce off the fixed ends at plus and minus one, inverting sign on each reflection, then cross and superpose to build a repeating standing-wave pattern, with no visible decay or spreading over the long integration."
"Chapter 10: Spectral PDE Solvers with Chebyshev and Fourier Grids","Figure","Fig. 10.4","fig10_4","figures/ch10/python/wave2d_snapshots.pdf","Solution of the 2D wave equation @eq-wave-2d showing a vibrating drum membrane. Four snapshots at times $t = 0$, $0.33$, $0.67$, and $1.0$. The initial Gaussian bump spreads into a circular wavefront, which reflects off the fixed boundaries and creates complex interference patterns. The tensor-product Chebyshev grid clusters points near all four edges.","Four contour or surface snapshots of a vibrating square drum membrane governed by the two-dimensional wave equation, at times zero, zero point three three, zero point six seven, and one. The first frame shows a single localised Gaussian bump placed off-centre; later frames show it expanding into a circular ring-shaped wavefront that strikes the fixed edges, reflects, and overlaps itself to form progressively more intricate interference patterns across the domain. The underlying tensor-product Chebyshev grid is denser near all four edges."
"Chapter 10: Spectral PDE Solvers with Chebyshev and Fourier Grids","Figure","Fig. 10.5","fig10_5","figures/ch10/python/heat1d_evolution.pdf","Solution of the 1D heat equation @eq-heat-1d with two-bump initial data. _Main panel_: Space--time surface showing diffusion and decay. _Insets_: Four snapshots at $t = 0$, $0.1$, $0.3$, and $1.0$. The two initial hot spots spread, merge, and eventually decay towards the zero steady state required by the boundary conditions.","Combined view of the one-dimensional heat equation solution starting from two Gaussian hot spots of unequal height. The main panel is a space-time surface over x from minus one to one and increasing time, showing the warm regions smearing out and sinking in amplitude. Four inset line plots at times zero, zero point one, zero point three, and one capture successive snapshots in which the two bumps broaden, merge into one wider hump, and decay toward the flat zero steady state forced by the boundary conditions, illustrating irreversible diffusion."
"Chapter 10: Spectral PDE Solvers with Chebyshev and Fourier Grids","Figure","Fig. 10.6","fig10_6","figures/ch10/python/heat2d_snapshots.pdf","Solution of the 2D heat equation @eq-heat-2d. Four snapshots at times $t = 0$, $0.05$, $0.15$, and $0.5$. The initial hot spot diffuses isotropically, spreading and decaying towards the zero steady state.","Four contour or surface snapshots of the two-dimensional heat equation on a square at times zero, zero point zero five, zero point one five, and zero point five. The first frame shows a single concentrated Gaussian hot spot; the following frames show it diffusing outward symmetrically in all directions while its peak height steadily drops, smoothing toward the uniform zero steady state set by the fixed cold boundaries."
"Chapter 10: Spectral PDE Solvers with Chebyshev and Fourier Grids","Figure","Fig. 10.7","fig10_7","figures/ch10/python/poisson2d_solution.pdf","Solution of the 2D Poisson equation @eq-poisson-spectral with manufactured solution @eq-poisson-manufactured (four panels in a 2$times$2 grid). _(a)_: exact solution $u_(""exact"")(x, y)$. _(b)_: numerical solution $u_N(x, y)$ at $N = 32$, visually indistinguishable from (a). _(c)_: pointwise $log_(10) |u_N - u_(""exact"")|$, confirming machine-precision accuracy throughout the interior. _(d)_: spectral convergence --- max-norm error versus $N$ on a semi-log axis. The error drops by roughly four orders of magnitude per four extra modes and saturates at machine precision $tilde.op 10^(-15)$ by $N approx 16$.","Four-panel two-by-two figure for the two-dimensional Poisson solver with a manufactured exact solution. Panel a shows a surface or contour of the exact solution over the square. Panel b shows the spectral numerical solution at N equal to thirty-two, indistinguishable by eye from panel a. Panel c maps the base-ten logarithm of the pointwise absolute error, which sits uniformly at machine precision throughout the interior. Panel d is a semilog plot of maximum error versus N, the error falling about four orders of magnitude for every four extra modes and levelling off at roughly ten to the power minus fifteen by N approximately sixteen, confirming exponential spectral convergence."
"Chapter 10: Spectral PDE Solvers with Chebyshev and Fourier Grids","Table","Table 10.2","tbl10_2","live text table (no image file)","Convergence of the 2D Poisson spectral solver with manufactured solution @eq-poisson-manufactured. The error decays exponentially until reaching machine precision around $N = 16$, a hallmark of spectral methods applied to smooth problems.","Table reporting the maximum pointwise error of the two-dimensional Poisson spectral solver for grid sizes N from four to thirty-two, showing the error plunging from about six times ten to the minus two down to machine precision near ten to the minus fifteen by N equal to sixteen, after which it saturates."
"Chapter 10: Spectral PDE Solvers with Chebyshev and Fourier Grids","Table","Table 10.3","tbl10_3","live text table (no image file)","Computational complexity of spectral differentiation by method. The matrix-based approach uses dense matrix-vector or matrix-matrix multiplication. The FFT-based approach uses the Chebyshev--Fourier connection. The tensor-product form $D_2 U + U D_2^top$ achieves $O(N^3)$ without explicit Kronecker products.","Table comparing the computational complexity of matrix-based versus FFT-based spectral differentiation for first and second one-dimensional derivatives and the two-dimensional Laplacian, showing the FFT approach reaching N log N or N squared log N cost where dense matrices need N squared, N cubed, or N to the fourth."
"Chapter 10: Spectral PDE Solvers with Chebyshev and Fourier Grids","Table","Table 10.4","tbl10_4","live text table (no image file)","Summary of PDEs and methods presented in this chapter.","Table summarising every PDE treated in the chapter alongside its section, grid type, time-stepping scheme, and key operation, spanning one- and two-dimensional wave, heat, Poisson, Helmholtz, and transport problems."
"Chapter 11: Fourier Pseudospectral Methods for Periodic PDEs","Figure","Fig. 11.1","fig11_1","figures/ch11/python/fourier_diff_accuracy.pdf","Spectral convergence of Fourier differentiation for the test function $u(x) = e^(sin x)$. Both the matrix approach ($D bold(u)$) and the FFT approach ($cal(F)^(-1)(i k hat(u))$) achieve machine precision for $N gt.eq.slant 30$, confirming that the two methods are algebraically equivalent.","Semilog convergence plot for differentiating e to the power sine x on a periodic grid: the horizontal axis is the number of grid points N (linear) and the vertical axis is the maximum error (logarithmic). Two overlapping curves, one for the dense circulant matrix and one for the FFT route, fall exponentially with N and flatten near ten to the power minus fifteen for N at or above thirty, showing the two methods are numerically identical and both reach machine precision."
"Chapter 11: Fourier Pseudospectral Methods for Periodic PDEs","Figure","Fig. 11.2","fig11_2","figures/ch11/python/fourier_diff_timing.pdf","Computational cost of Fourier differentiation. The dense matrix approach scales as $O(N^2)$; the FFT approach as $O(N log N)$. For $N = 2048$ the FFT is roughly 1000 times faster.","Log-log timing plot with the grid size N on the horizontal axis and wall-clock time on the vertical axis. The dense matrix curve rises as a steep straight line of slope two (order N squared), while the FFT curve rises much more gently (order N log N); the widening vertical gap shows the FFT becoming about a thousand times faster by N equal to two thousand forty-eight."
"Chapter 11: Fourier Pseudospectral Methods for Periodic PDEs","Figure","Fig. 11.3","fig11_3","figures/ch11/python/advection_comparison.pdf","Fourier pseudospectral versus second-order upwind finite differences for linear advection after one full period ($t = 2 pi$, $N = 128$). _Left_: The spectral solution (blue) is visually indistinguishable from the exact initial condition. The finite difference solution (red dashes) shows significant dispersion and dissipation. _Right_: Pointwise error on a logarithmic scale, confirming spectral accuracy (errors near machine precision) versus second-order accuracy.","Two-panel comparison of linear advection after one full period at N equal to one hundred twenty-eight. Left panel plots the solution profile versus x: the blue Fourier spectral curve sits exactly on the exact Gaussian pulse, while the red dashed second-order upwind finite-difference curve is broadened and lagged by numerical dispersion and dissipation. Right panel shows pointwise error versus x on a logarithmic scale: the spectral error hovers near machine precision while the finite-difference error is many orders of magnitude larger."
"Chapter 11: Fourier Pseudospectral Methods for Periodic PDEs","Figure","Fig. 11.4","fig11_4","figures/ch11/python/burgers_evolution.pdf","Viscous Burgers equation @eq-burgers with $nu = 0.01$ and initial condition $u_0 (x) = sin x$. _Left_: Space-time diagram showing the steepening of the initial sine wave into a sharp front. _Right_: Snapshots at selected times illustrating the progressive formation of the viscous shock structure.","Two-panel evolution of the viscous Burgers equation with viscosity zero point zero one starting from sine x. Left panel is a space-time color map (x horizontal, time vertical) where the smooth sine wave steepens into a sharp near-vertical front around x equal to pi. Right panel overlays solution profiles versus x at several increasing times, showing the sine progressively sharpening into a thin viscous shock layer."
"Chapter 11: Fourier Pseudospectral Methods for Periodic PDEs","Figure","Fig. 11.5","fig11_5","figures/ch11/python/burgers_dealiasing.pdf","Effect of dealiasing on the Burgers equation at $t = 1.0$. _Left_: Energy spectra $|hat(u)_k|^2$ with and without the two-thirds rule. Without dealiasing, energy piles up near the Nyquist frequency. _Right_: Physical space solutions; the differences are subtle here but grow for longer integration times or smaller viscosities.","Two-panel study of dealiasing for Burgers at time one. Left panel plots the energy spectrum, magnitude of u-hat-k squared, versus wavenumber on a logarithmic vertical scale for runs with and without the two-thirds rule; the undealiased curve turns upward and piles energy near the Nyquist wavenumber, while the dealiased curve keeps decaying smoothly. Right panel shows the two physical-space solutions versus x nearly coinciding, the visible differences being small at this time."
"Chapter 11: Fourier Pseudospectral Methods for Periodic PDEs","Figure","Fig. 11.6","fig11_6","figures/ch11/python/kdv_zabusky_kruskal.pdf","The Zabusky--Kruskal experiment: KdV with initial condition $u(x, 0) = cos(pi x)$ on $[0, 2)$. _Left_: Space-time diagram showing the formation of a soliton train from the steepening cosine wave. _Right_: Snapshots at selected times. The initial cosine steepens, breaks into distinct solitons of different amplitudes and speeds, and exhibits the characteristic structure that led Zabusky and Kruskal to coin the term ""soliton.""","Two-panel Zabusky-Kruskal KdV experiment from initial condition cosine of pi x on the interval zero to two. Left panel is a space-time color map (x horizontal, time vertical) in which the steepening cosine breaks into several diagonal streaks of differing slope, the trajectories of solitons of different amplitudes and speeds. Right panel overlays solution profiles versus x at selected times, showing the smooth cosine splitting into a train of distinct sharp soliton pulses."
"Chapter 11: Fourier Pseudospectral Methods for Periodic PDEs","Figure","Fig. 11.7","fig11_7","figures/ch11/python/kdv_snapshots.pdf","Two-soliton collision for the KdV equation @eq-kdv with $a_1 = 1$, $a_2 = 0.5$ on $[0, 80)$. The four panels show the solution before, during, and after the interaction. The taller soliton overtakes the shorter one; after the collision, both re-emerge essentially unchanged, shifted in phase.","Four-panel sequence of a two-soliton KdV collision on the domain zero to eighty, with soliton parameters one and zero point five. Each panel plots the solution versus x at a successive time: before the interaction the taller, faster pulse trails the shorter, slower one; during the collision they merge into a single hump; and afterward both pulses re-emerge with their original shapes intact, only shifted in position relative to where they would have been without interaction."
"Chapter 11: Fourier Pseudospectral Methods for Periodic PDEs","Figure","Fig. 11.8","fig11_8","figures/ch11/python/nls_recurrence.pdf","NLS modulation instability and recurrence with initial condition $u(x, 0) = 1 + 0.1 cos x$. _Left_: Space-time diagram of $|u(x, t)|$ showing periodic modulation cycles driven by the focusing nonlinearity. _Right_: Relative deviation of the $L^2$ norm from its initial value, confirming that the split-step method preserves the norm to machine precision.","Two-panel nonlinear Schrödinger simulation from the perturbed plane wave one plus zero point one cosine x. Left panel is a space-time color map of the amplitude magnitude of u (x horizontal, time vertical) showing repeating bands of focused modulation, the recurrence cycles driven by modulation instability. Right panel plots the relative deviation of the L-two norm from its initial value versus time, staying flat at the level of machine precision and confirming the split-step method conserves the norm."
"Chapter 11: Fourier Pseudospectral Methods for Periodic PDEs","Figure","Fig. 11.9","fig11_9","figures/ch11/python/ks_spacetime.pdf","Kuramoto--Sivashinsky equation @eq-ks with $L = 32 pi$: the space-time ""fingerprint"" of spatiotemporal chaos. The initial random perturbation develops into a pattern of merging and splitting cellular structures, a hallmark of the KS dynamics. The per-step IF-RK4 handles the severe stiffness ($lambda_k tilde.op k^4$) without difficulty.","Space-time color map of the Kuramoto-Sivashinsky equation on a domain of length thirty-two pi, with x on the horizontal axis and time on the vertical axis. After a brief transient the field settles into a statistically steady pattern of cellular stripes that continually merge and split, the characteristic fingerprint of spatiotemporal chaos handled stably despite the strong fourth-derivative stiffness."
"Chapter 11: Fourier Pseudospectral Methods for Periodic PDEs","Figure","Fig. 11.10","fig11_10","figures/ch11/python/ks_spectrum.pdf","Time-averaged energy spectrum of the KS equation in the statistically steady chaotic regime. Energy is concentrated at low wavenumbers (the linearly unstable range $|k| < 1$) and decays rapidly at high wavenumbers due to the fourth-derivative damping.","Time-averaged energy spectrum of the Kuramoto-Sivashinsky equation in its chaotic steady state, plotting energy versus wavenumber on a logarithmic scale. Energy peaks at low wavenumbers within the linearly unstable band where the magnitude of k is below one, then falls off steeply toward high wavenumbers as the fourth-derivative term damps small scales."
"Chapter 11: Fourier Pseudospectral Methods for Periodic PDEs","Figure","Fig. 11.11","fig11_11","figures/ch11/python/ns2d_vorticity.pdf","2D Navier--Stokes: decaying turbulence on $[0, 2 pi)^2$ with $nu = 10^(-3)$ and $N = 128$. Vorticity snapshots at $t = 0$, $5$, $10$, and $20$. Small-scale structures merge into large coherent vortices, demonstrating the inverse energy cascade characteristic of two-dimensional turbulence.","Four vorticity snapshots of two-dimensional decaying turbulence on the periodic square zero to two pi, with viscosity ten to the power minus three and N equal to one hundred twenty-eight, shown at times zero, five, ten, and twenty. Each is a color map of vorticity over the plane; the initially fine-grained field of many small positive and negative vortices progressively merges into a few large coherent vortex blobs, illustrating the inverse energy cascade."
"Chapter 11: Fourier Pseudospectral Methods for Periodic PDEs","Figure","Fig. 11.12","fig11_12","figures/ch11/python/ns2d_energy.pdf","Diagnostics for 2D decaying turbulence. _Left_: Kinetic energy $E(t) = frac(1, 2) chevron.l |bold(u)|^2 chevron.r$ decays slowly as energy cascades to large scales and is eventually dissipated. _Right_: Enstrophy $Z(t) = frac(1, 2) chevron.l omega^2 chevron.r$ decays much faster, consistent with the selective decay principle of two-dimensional turbulence.","Two-panel diagnostics for two-dimensional decaying turbulence, both plotting a quantity versus time. Left panel shows kinetic energy declining slowly and gradually as energy moves to large scales. Right panel shows enstrophy, the mean squared vorticity, decaying much more steeply and rapidly, consistent with the selective decay principle in which enstrophy is dissipated far faster than energy."
"Chapter 11: Fourier Pseudospectral Methods for Periodic PDEs","Figure","Fig. 11.13","fig11_13","figures/ch11/python/transport_variable.pdf","Solution of the variable-coefficient transport equation @eq-transport-variable. Left: space-time diagram showing the characteristic trajectory of a Gaussian pulse in a medium where $c(x) = 0.3 + sin^2(x - 1)$. The pulse accelerates in fast regions and decelerates in slow regions. Right: waterfall view of the same solution with vertical offset proportional to time.","Two-panel solution of variable-coefficient transport with wave speed zero point three plus sine squared of x minus one. Left panel is a space-time color map (x horizontal, time vertical) tracing a Gaussian pulse along a curved characteristic that bends as the pulse speeds up in fast regions and slows in slow regions. Right panel is a waterfall view stacking the pulse profiles with vertical offset growing in proportion to time, showing the pulse keeping its shape while translating at variable speed."
"Chapter 11: Fourier Pseudospectral Methods for Periodic PDEs","Figure","Fig. 11.14","fig11_14","figures/ch11/python/schrodinger.pdf","Solution of the Schrödinger equation @eq-schrodinger with harmonic potential using Strang splitting. Left: space-time evolution of the probability density $|u(x, t)|^2$ showing the oscillatory dynamics of a Gaussian wavepacket in the harmonic trap. Right: waterfall plot of $|u(x, t)|^2$ at selected times.","Two-panel Schrödinger simulation of a Gaussian wavepacket in a harmonic potential solved by Strang splitting. Left panel is a space-time color map of the probability density, magnitude of u squared (x horizontal, time vertical), tracing a periodic back-and-forth oscillation of the packet within the trap. Right panel is a waterfall plot stacking the probability density profiles at selected times, showing the packet breathing and shifting as it oscillates."
"Chapter 11: Fourier Pseudospectral Methods for Periodic PDEs","Figure","Fig. 11.15","fig11_15","figures/ch11/python/allen_cahn.pdf","Solution of the Allen--Cahn equation @eq-allen-cahn with $epsilon = 0.05$ using IMEX time stepping. Left: space-time evolution showing phase separation into regions where $u approx plus.minus 1$, followed by slow coarsening as fronts annihilate. Right: snapshots at selected times showing the initial perturbation, phase separation, and progressive front reduction.","Two-panel Allen-Cahn simulation with epsilon equal to zero point zero five solved by an implicit-explicit scheme. Left panel is a space-time color map (x horizontal, time vertical) in which a small initial perturbation rapidly separates into broad regions near plus one and minus one divided by thin fronts that slowly merge and disappear over time (coarsening). Right panel overlays profiles versus x at selected times, from the noisy initial state through sharp two-phase plateaus to fewer, wider domains."
"Chapter 11: Fourier Pseudospectral Methods for Periodic PDEs","Table","Table 11.1","tbl11_1","live text table (no image file)","Summary of computational études in this chapter.","Summary table listing the ten computational études of the chapter, giving for each its number, governing PDE, key spectral technique (such as FFT differentiation, two-thirds dealiasing, integrating factor, split-step Fourier, or IMEX), and the matching time stepper (RK4, IF-RK4, Strang, or Euler)."
"Chapter 12: Spectral Methods in Polar Coordinates","Figure","Fig. 12.1","fig12_1","figures/ch12/python/polar_grids.pdf","Two spectral grids on the unit disk with $N_r = 25$ radial and $M = 20$ angular points. _Left_: the naive grid maps Chebyshev points to $r in [0, 1]$, resulting in heavy clustering near the origin. The dashed circle (containing half the grid points) encloses only 25% of the disk area. _Right_: the doubled grid uses Chebyshev points on $r in [-1, 1]$ with odd $N_r$, keeping only the positive-$r$ half. No point falls at the origin, and the resolution is more uniformly distributed.","Two side-by-side scatter plots of grid points on the unit disk, each with twenty-five radial and twenty angular points. The left panel, the naive grid, shows points densely clustered in a tight knot around the centre, with a dashed circle marking where half the points lie yet enclosing only a quarter of the disk area. The right panel, the doubled grid, spreads points far more evenly across the disk with no point at the origin, illustrating that the doubling trick distributes resolution efficiently."
"Chapter 12: Spectral Methods in Polar Coordinates","Figure","Fig. 12.2","fig12_2","figures/ch12/python/polar_area_cfl.pdf","_Left_: area of each radial annulus for the naive and doubled grids. The naive grid allocates disproportionate area to the thin annuli near $r = 0$. _Right_: CFL time-step scaling. The naive grid forces $Delta t_(max) tilde.op N_r^(-4)$ (blue circles), while the doubled grid gives $Delta t_(max) tilde.op N_r^(-2)$ (red squares), a substantial improvement.","Two panels comparing the naive and doubled radial grids. The left panel plots annulus area against radial position, showing the naive grid wastes area on extremely thin annuli near the centre while the doubled grid keeps areas balanced. The right panel is a log-log plot of maximum stable time step versus radial point count, where blue circles for the naive grid fall along a steep slope of minus four and red squares for the doubled grid follow a gentler slope of minus two, demonstrating a far less restrictive time-step constraint."
"Chapter 12: Spectral Methods in Polar Coordinates","Figure","Fig. 12.3","fig12_3","figures/ch12/python/disk_eigenmodes.pdf","Six eigenmodes of the Laplacian on the unit disk, computed with $N_r = 25$ radial and $M = 20$ angular points. The modes display the characteristic Bessel function patterns: the fundamental mode ($m = 0$, $n = 1$) is a simple dome, while higher modes exhibit nodal diameters (radial lines) and nodal circles.","A grid of six color-mapped eigenmode patterns of the Laplacian on the unit disk, computed with twenty-five radial and twenty angular points. The fundamental mode is a single smooth dome of one sign, while the remaining modes show increasingly intricate Bessel-type patterns of alternating positive and negative regions separated by nodal diameters (straight node lines through the centre) and concentric nodal circles, matching classical drumhead vibration shapes."
"Chapter 12: Spectral Methods in Polar Coordinates","Figure","Fig. 12.4","fig12_4","figures/ch12/python/eigenvalue_convergence.pdf","_Left_: the first 25 computed eigenvalues (circles) agree with the exact Bessel zeros squared (crosses) to plotting accuracy. The degenerate pairs ($m gt.eq.slant 1$) appear as overlapping markers. _Right_: the error in the fundamental eigenvalue $lambda_(0,1)$ decreases exponentially with $N_r$, confirming spectral convergence.","Two panels validating the disk eigenvalues. The left panel plots the first twenty-five eigenvalues by index, with computed circles landing exactly on the exact squared Bessel zeros marked as crosses, and degenerate pairs for angular number at least one appearing as coincident markers. The right panel is a semilog plot of the error in the fundamental eigenvalue against radial point count, showing a straight downward line that signals exponential, spectral convergence to near machine precision."
"Chapter 12: Spectral Methods in Polar Coordinates","Figure","Fig. 12.5","fig12_5","figures/ch12/python/nodal_rotation.pdf","Nodal line rotation in the first degenerate eigenspace ($lambda approx 14.68$). As the mixing angle $phi$ varies, the single nodal diameter rotates continuously through the disk. The faint background shading shows the sign of the eigenmode (red positive, blue negative). This continuous family of modes reflects the underlying rotational symmetry of the circular domain.","A sequence of disk plots showing the single nodal diameter of the first degenerate eigenspace at eigenvalue approximately fourteen point sixty-eight. As the mixing angle phi increases, the straight node line rotates smoothly to successive orientations across the disk, over faint red and blue background shading marking positive and negative regions of the mode. The continuous rotation illustrates that any orientation is an equally valid eigenmode, reflecting the rotational symmetry of the circle."
"Chapter 12: Spectral Methods in Polar Coordinates","Figure","Fig. 12.6","fig12_6","figures/ch12/python/poisson_disk_surface.pdf","Three-dimensional surface plot of the Poisson solution on the unit disk with the off-centre Gaussian load @eq-gaussian-source. The membrane deflects most strongly near the load position $(0.4, 0.2)$, with the deflection smoothly decaying to zero at the clamped boundary $r = 1$.","A three-dimensional surface plot of the Poisson solution, the deflection of a clamped circular membrane under an off-centre Gaussian load. The surface rises to a single rounded peak located over the load position at x equals zero point four, y equals zero point two, then falls away smoothly in all directions to zero at the circular clamped rim, showing the asymmetric response to the off-centre forcing."
"Chapter 12: Spectral Methods in Polar Coordinates","Figure","Fig. 12.7","fig12_7","figures/ch12/python/poisson_disk_contour.pdf","Filled contour plot of the Poisson solution. The red star marks the centre of the Gaussian load. The equipotential lines (level curves) are distorted toward the load location, reflecting the broken radial symmetry.","A filled contour plot of the Poisson solution over the unit disk, with color indicating deflection magnitude. A red star marks the centre of the Gaussian load, and the level curves form roughly concentric loops crowded and shifted toward the load location rather than centred on the origin, visibly distorted away from circular symmetry by the off-centre source."
"Chapter 12: Spectral Methods in Polar Coordinates","Figure","Fig. 12.8","fig12_8","figures/ch12/python/radial_symmetry_test.pdf","Radial profiles $u(r, theta_k)$ at eight equally spaced angles $theta_k$, with $r = 1$ (clamped boundary) on the left and $r arrow 0$ (origin) on the right. All profiles vanish at $r = 1$ by the homogeneous Dirichlet condition. _Left_: for the centred source ($x_0 = y_0 = 0$), all eight profiles are indistinguishable to machine precision, collapsing onto a single monotone curve that peaks near the origin. This exact collapse — not merely visual agreement — confirms that the spectral discretisation introduces no artificial anisotropy. _Right_: for the off-centre source at $(0.4, 0.2)$, the profiles fan out. The source lies at radial distance $r_s = sqrt(0.4^2 + 0.2^2) approx 0.45$ from the origin and at angle $theta_s = arctan(0.2 / 0.4) approx 0.46$ rad. The orange profile ($theta approx 0.63$ rad, the sampled angle nearest to the source direction) peaks near $r approx 0.45$, consistent with the source distance. Profiles at angles pointing away from the source remain substantially lower throughout, and all profiles reconverge to zero as $r arrow 1$.","Two panels of radial profiles of the solution at eight equally spaced angles, plotted from the clamped boundary at radius one on the left to the origin on the right, all vanishing at the boundary. In the left panel, for a centred source, the eight curves collapse exactly onto one monotone curve peaking at the origin, confirming no artificial anisotropy. In the right panel, for the off-centre source at zero point four, zero point two, the curves fan apart; the profile nearest the source direction peaks near radius zero point four-five at the source distance, while profiles pointing away stay much lower, and all return to zero at the boundary."
"Chapter 12: Spectral Methods in Polar Coordinates","Figure","Fig. 12.9","fig12_9","figures/ch12/python/heat_disk_snapshots.pdf","Heat dissipation on a circular wafer with a localised laser source @eq-heat-source. Snapshots at six times show the temperature evolving from a cold start ($t = 0$) to steady state ($t = 20$). The hot spot develops near the source location $(0.3, 0)$ and gradually diffuses outward, constrained by the zero-temperature boundary.","Six color-mapped snapshots of the temperature field on a circular wafer at increasing times from a cold start at time zero to steady state at time twenty. A localised hot spot forms near the laser source at x equals zero point three on the horizontal axis and grows and spreads outward through diffusion, with temperature held at zero on the circular boundary that caps the spreading, until the distribution stabilises."
"Chapter 12: Spectral Methods in Polar Coordinates","Figure","Fig. 12.10","fig12_10","figures/ch12/python/heat_disk_energy.pdf","_Left_: maximum temperature as a function of time, showing the approach to steady state. _Right_: comparison of the Crank--Nicolson steady state (solid) with the direct Poisson solve $alpha Delta u = -S$ (dashed) at $theta = 0$. The two curves agree, confirming that the time-dependent solution has converged to the correct equilibrium.","Two panels for the heat problem. The left panel plots maximum wafer temperature against time, rising quickly then leveling off as the solution approaches steady state. The right panel overlays the radial temperature profile at angle zero from the Crank-Nicolson steady state, drawn solid, against the direct steady Poisson solve, drawn dashed; the two curves coincide, confirming the time-marched solution reaches the correct equilibrium."
"Chapter 12: Spectral Methods in Polar Coordinates","Table","Table 12.1","tbl12_1","live text table (no image file)","Summary of computational études in this chapter.","Summary table listing the five computational etudes of the chapter, giving for each its problem (grid geometry, eigenproblem, degenerate eigenspace, Poisson, and heat equation), the key technique, and the numerical method used."
"Chapter 13: Advanced Boundary Conditions for Spectral Methods","Figure","Fig. 13.1","fig13_1","figures/ch13/python/inhom_lifting.pdf","Inhomogeneous Poisson equation @eq-inhom-poisson solved by lifting. _Left_: the numerical solution (circles) agrees with the reference solution for $N = 16$. _Right_: the maximum error decreases exponentially with $N$, reaching machine precision by $N approx 20$.","Two side-by-side panels for the inhomogeneous Poisson problem solved by the lifting technique. The left panel plots the solution u against x on the interval minus one to one, with open circles for the spectral result lying on top of a solid reference curve for N equal to sixteen, the solution rising from zero at the left to one at the right. The right panel is a semilog plot of maximum error against N, the points falling along a straight line that descends to about machine precision, ten to the power minus sixteen, near N equal to twenty, confirming geometric spectral convergence."
"Chapter 13: Advanced Boundary Conditions for Spectral Methods","Figure","Fig. 13.2","fig13_2","figures/ch13/python/helmholtz_robin.pdf","Helmholtz equation @eq-helmholtz-robin with Robin boundary condition @eq-helmholtz-robin-bc for $k = 2$ and $N = 32$. _Left_: solutions for $alpha = 0$ (Neumann), $alpha = 1$, $alpha = 5$, and $alpha = 20$. As $alpha$ increases, the solution is progressively suppressed at $x = -1$. _Right_: spectral convergence of the maximum error for $alpha = 5$.","Two panels for the Helmholtz equation with a Robin left boundary at wavenumber k equal to two and N equal to thirty-two. The left panel plots solution u against x for four values of the Robin parameter alpha equal to zero (Neumann), one, five, and twenty; as alpha increases the curves are progressively pulled down toward zero at the left endpoint x equal to minus one, showing the smooth transition from Neumann toward Dirichlet behaviour. The right panel is a semilog plot of maximum error versus N for alpha equal to five, the points dropping in a straight line to near machine precision, the signature of spectral convergence."
"Chapter 13: Advanced Boundary Conditions for Spectral Methods","Figure","Fig. 13.3","fig13_3","figures/ch13/python/robin_conditioning.pdf","Condition number of the discrete Helmholtz operator with Robin boundary condition as a function of $alpha$ for $N = 16$, $32$, and $64$. The condition number is moderate for all practical values of $alpha$ and grows polynomially with $N$, as expected for spectral differentiation matrices.","Semilog plot of the condition number of the discrete Robin Helmholtz operator against the Robin parameter alpha, with three curves for N equal to sixteen, thirty-two, and sixty-four. Each curve stays at a moderate level across the full range of alpha, with the larger N giving uniformly larger condition numbers, illustrating that conditioning grows only polynomially with N and depends only mildly on alpha, so the tau row-replacement approach remains numerically robust."
"Chapter 13: Advanced Boundary Conditions for Spectral Methods","Figure","Fig. 13.4","fig13_4","figures/ch13/python/allen_cahn_fixed.pdf","Allen--Cahn equation @eq-allen-cahn-bc with fixed Dirichlet conditions $u(plus.minus 1) = plus.minus 1$ and $epsilon = 0.01$. The space-time plot shows three initial transition layers that persist for a long time (metastability) before two interfaces suddenly annihilate near $t approx 45$, leaving only the single central interface required by the boundary data.","Space-time color map of the Allen-Cahn solution with fixed Dirichlet boundaries at minus one and plus one and small parameter epsilon equal to zero point zero one, with horizontal axis position x and vertical axis time. Three nearly vertical transition layers separating the plus and minus phases appear at the start and persist almost unchanged for a long interval, the metastable regime, until near time forty-five two of the interfaces abruptly merge and annihilate, leaving a single central interface fixed by the boundary data."
"Chapter 13: Advanced Boundary Conditions for Spectral Methods","Figure","Fig. 13.5","fig13_5","figures/ch13/python/allen_cahn_driven.pdf","Allen--Cahn equation with time-dependent right boundary $u(1, t) = 1 + sin^2(t/5)$. The oscillating boundary pumps energy into the domain, shifting the equilibrium interface to $x approx -0.4$ and causing earlier annihilation near $t approx 30$.","Space-time color map of the Allen-Cahn solution with an oscillating right boundary equal to one plus sine squared of t over five, horizontal axis position x and vertical axis time. Compared with the fixed-boundary case, the driven boundary pumps energy in, shifting the surviving equilibrium interface leftward to about x equal to minus zero point four and triggering the annihilation of the extra interfaces earlier, near time thirty."
"Chapter 13: Advanced Boundary Conditions for Spectral Methods","Figure","Fig. 13.6","fig13_6","figures/ch13/python/radiative_cooling.pdf","Radiative cooling problem @eq-radiative-problem with $sigma = 1$ and $N = 32$. _Left_: temperature profiles at $t = 0, 0.1, 0.5, 1, 5$ showing the approach to steady state. The right boundary cools as heat radiates away. _Right_: boundary temperature $u(1, t)$ versus time for $sigma = 0.1$, $1$, and $10$, demonstrating that stronger radiation leads to faster and deeper cooling.","Two panels for the radiative cooling problem with N equal to thirty-two. The left panel plots temperature profiles u against x at times zero, zero point one, zero point five, one, and five for radiation strength sigma equal to one; the curves start flat at one and progressively drop near the right boundary as heat radiates away, approaching a steady state. The right panel plots the right-boundary temperature u at x equal to one versus time for sigma equal to zero point one, one, and ten, showing that larger sigma produces faster and deeper cooling of the surface."
"Chapter 13: Advanced Boundary Conditions for Spectral Methods","Figure","Fig. 13.7","fig13_7","figures/ch13/python/laplace_2d_mixed.pdf","Laplace equation @eq-laplace-2d on $[-1, 1]^2$ with piecewise Dirichlet boundary data @eq-laplace-2d-bc, solved with $N = 24$. The surface plot shows the smooth interior solution interpolating between the $sin^4(pi x)$ hump on the top-left boundary and the $sin(3 pi y) / 5$ oscillation on the right boundary. The solution satisfies $Delta u = 0$ to spectral accuracy in the interior.","Three-dimensional surface plot of the harmonic solution of the Laplace equation on the square minus one to one in both x and y, computed with N equal to twenty-four. The smooth surface is flat (zero) over most of the boundary but rises into a hump driven by the sine-to-the-fourth-power of pi x data along the upper-left edge and undulates along the right edge following the sine of three pi y over five oscillation, with the interior smoothly interpolating between these to satisfy Laplace's equation to spectral accuracy."
"Chapter 13: Advanced Boundary Conditions for Spectral Methods","Figure","Fig. 13.8","fig13_8","figures/ch13/python/qnm_spectrum.pdf","Quasinormal mode spectrum for the Pöschl--Teller potential @eq-poschl-teller with $V_0 = 2$, $N = 80$, $L = 8$. Grey dots show all computed eigenvalues, which are spurious artefacts of domain truncation and companion linearisation. For $V_0 = 2$ the exact Pöschl--Teller formula yields only $omega_0 approx plus.minus 1.323 - 0.500 i$ as a physical quasinormal mode; the star marks the computed fundamental, which agrees with the exact Ferrari--Mashhoon result @FerrariMashhoon1984 (cross) to approximately four significant digits.","Scatter plot of computed quasinormal-mode eigenvalues in the complex frequency plane for the Poeschl-Teller potential with barrier height V-zero equal to two, N equal to eighty, and truncation length L equal to eight; the horizontal axis is the real part of omega and the vertical axis the imaginary part. Many grey dots are scattered across the plane, these being spurious artefacts of domain truncation and companion linearisation. A star marks the computed fundamental mode near plus or minus one point three two three minus zero point five i, overlapping a cross at the exact Ferrari-Mashhoon value, the two agreeing to about four significant digits."
"Chapter 13: Advanced Boundary Conditions for Spectral Methods","Figure","Fig. 13.9","fig13_9","figures/ch13/python/qnm_eigenfunctions.pdf","Eigenfunctions of the first two quasinormal modes. _Left_: the fundamental mode ($n = 0$), showing a single antinode centred on the potential peak. _Right_: the first overtone ($n = 1$), with one nodal crossing. The oscillatory tails at large $|x|$ reflect the outgoing/ingoing wave character imposed by the boundary conditions @eq-qnm-bc.","Two panels showing the eigenfunctions of the first two quasinormal modes plotted against position x. The left panel shows the fundamental mode, index n equal to zero, with a single antinode (one main peak) centred on the potential peak at the origin. The right panel shows the first overtone, index n equal to one, with one nodal crossing through zero. In both panels the tails at large absolute x oscillate and grow, reflecting the outgoing and ingoing wave boundary conditions characteristic of quasinormal modes."
"Chapter 13: Advanced Boundary Conditions for Spectral Methods","Figure","Fig. 13.10","fig13_10","figures/ch13/python/qnm_convergence.pdf","Convergence of the fundamental QNM frequency $omega_0$. _Left_: error $|omega_0^(""num"") - omega_0^(""exact"")|$ versus $N$ for fixed $L = 8$, showing initial spectral convergence that saturates at $approx 2 times 10^(-4)$ due to domain truncation. _Right_: error versus truncation length $L$ for fixed $N = 80$, showing exponential decay until $L approx 9$, beyond which the grid becomes too coarse to resolve the solution and the error increases again.","Two semilog convergence panels for the fundamental quasinormal frequency omega-zero. The left panel plots the error against the number of points N at fixed truncation length L equal to eight: the error first falls steeply (spectral convergence) but then flattens onto a plateau near two times ten to the power minus four set by domain truncation. The right panel plots the error against truncation length L at fixed N equal to eighty: the error decays exponentially up to about L equal to nine, then turns and rises again as the fixed grid becomes too coarse to resolve the wider domain, revealing an optimal L."
"Chapter 13: Advanced Boundary Conditions for Spectral Methods","Figure","Fig. 13.11","fig13_11","figures/ch13/python/vibrating_string.pdf","Eigenmodes of the vibrating string @eq-vibrating-string with $N = 36$. _Left_: the first six eigenmodes (solid lines) agree with the exact solutions $sin((2n-1) pi x / 2)$ (dashed). _Right_: eigenvalue errors $|lambda_n^(""num"") - lambda_n^(""exact"")|$ versus mode number, showing that the first $approx 2 N / 3$ eigenvalues are resolved to high accuracy before the resolution limit is reached.","Two panels for the vibrating string fixed at one end and free at the other, computed with N equal to thirty-six. The left panel overlays the first six numerical eigenmodes as solid curves on the exact quarter-wavelength sine eigenfunctions as dashed curves over x in zero to one, the two sets coinciding; successive modes add half-wavelengths. The right panel is a semilog plot of eigenvalue error versus mode number, the error tiny for low modes then rising sharply, showing that roughly the first two-thirds of N eigenvalues are resolved accurately before the grid resolution limit."
"Chapter 13: Advanced Boundary Conditions for Spectral Methods","Table","Table 13.1","tbl13_1","live text table (no image file)","Summary of computational études in this chapter.","Summary table listing the seven computational etudes of the chapter, giving for each the problem solved, the key boundary-condition technique used, and whether it relies on Method I (lifting), Method II (tau row replacement), or both."
"Chapter 14: Higher-Order Boundary Value Problems","Figure","Fig. 14.1","fig14_1","figures/ch14/python/clamped_beam.pdf","Clamped beam under exponential load @eq-clamped-beam, solved with the polynomial trick. _Left_: the numerical solution (circles) for $N = 16$ agrees with the exact solution @eq-clamped-exact (solid line). The deflection is small and asymmetric, reflecting the exponential load. _Right_: the maximum error (solid line, left axis) decreases exponentially with $N$, reaching $approx 5.4 times 10^(-16)$ by $N = 15$. The condition number of $L_(""int"")$ (dashed line, right axis) grows as $cal(O)(N^8)$, eventually limiting achievable accuracy for large $N$.","Two side-by-side panels for a clamped beam under an exponential load solved by the polynomial trick. The left panel plots beam deflection versus position x from minus one to one; open circles for the N equals sixteen numerical solution sit exactly on the solid exact-solution curve, which dips into a small, asymmetric well skewed toward one side. The right panel uses two log scales: maximum error (left axis, solid) falls geometrically with N, reaching about five times ten to the power minus sixteen near N equals fifteen, while the condition number of the interior operator (right axis, dashed) rises like N to the eighth power, the eventual accuracy limiter."
"Chapter 14: Higher-Order Boundary Value Problems","Figure","Fig. 14.2","fig14_2","figures/ch14/python/beam_eigenmodes.pdf","Eigenmodes of a clamped beam @eq-beam-eigen with $N = 20$. _Left_: the first six eigenmodes, normalised to unit maximum. The mode shapes alternate between symmetric and antisymmetric configurations. _Right_: relative error $|lambda_n^(""num"") - lambda_n^(""exact"")| / lambda_n^(""exact"")$ versus mode number, showing that the first $approx 2 N / 3$ eigenvalues are resolved to high accuracy.","Two panels characterising clamped-beam eigenmodes at N equals twenty. The left panel overlays the first six mode shapes (normalised to unit maximum) versus position, alternating between symmetric single-hump shapes and antisymmetric shapes with a sign change at the centre, each vanishing with zero slope at both walls. The right panel is a semilog plot of relative eigenvalue error versus mode number: the error stays near machine precision for low modes then climbs sharply, so only the first roughly two-thirds N eigenvalues are accurate."
"Chapter 14: Higher-Order Boundary Value Problems","Figure","Fig. 14.3","fig14_3","figures/ch14/python/coupled_comparison.pdf","Comparison of the direct (polynomial trick) and coupled second-order approaches for the clamped beam problem @eq-clamped-beam. _Left_: the maximum error versus $N$ for both methods. Both achieve spectral convergence, but the coupled method maintains accuracy for larger $N$ before conditioning effects dominate. _Right_: the condition number of the system matrix versus $N$, confirming $cal(O)(N^8)$ growth for the direct method and $cal(O)(N^4)$ for the coupled method.","Two log-scale panels comparing the direct polynomial-trick method against the coupled second-order reformulation for the clamped beam. The left panel plots maximum error versus N for both methods; both fall geometrically (spectral convergence), but the coupled method keeps falling and holds low error to larger N while the direct method bottoms out and degrades sooner. The right panel plots condition number versus N on log-log axes, with the direct curve rising as N to the eighth power and the coupled curve as N to the fourth power, confirming the conditioning advantage."
"Chapter 14: Higher-Order Boundary Value Problems","Figure","Fig. 14.4","fig14_4","figures/ch14/python/biharmonic_poisson.pdf","Biharmonic Poisson BVP @eq-biharmonic-poisson with manufactured solution @eq-biharmonic-manufactured. _Left_: filled contour plot of the numerical solution at $N = 24$, showing the smooth, non-negative profile $u(x, y) = sin^2(pi x) sin^2(pi y)$ that peaks at $x, y = plus.minus 1/2$. _Right_: maximum error versus $N$ on a semilogarithmic scale. The error decreases exponentially (spectral convergence) until $N approx 20$--$22$, after which the $cal(O)(N^8)$ conditioning of the biharmonic operator limits the achievable accuracy to approximately $10^(-12)$.","Two panels for the two-dimensional biharmonic boundary value problem with a manufactured solution. The left panel is a filled contour plot over the square from minus one to one in x and y of the numerical solution at N equals twenty-four, a smooth non-negative hump that vanishes on all edges and peaks at the four interior points where x and y equal plus or minus one half. The right panel is a semilog plot of maximum error versus N: the error drops exponentially until about N equals twenty to twenty-two, then plateaus near ten to the power minus twelve as the N to the eighth power conditioning of the biharmonic operator takes over."
"Chapter 14: Higher-Order Boundary Value Problems","Figure","Fig. 14.5","fig14_5","figures/ch14/python/plate_eigenmodes.pdf","First 25 eigenmodes of the clamped square plate @eq-plate-eigen, displayed on a $5 times 5$ grid. The contour plots show the nodal lines (where $u = 0$) of each eigenmode, arranged in order of increasing eigenvalue. Degenerate eigenvalue pairs --- eigenmodes with the same frequency but different nodal patterns --- appear due to the square symmetry of the domain. For example, the second and third modes form a degenerate pair related by a $90 degree$ rotation.","A five-by-five grid of twenty-five small contour plots showing the first twenty-five eigenmodes of a clamped square plate, ordered by increasing eigenvalue. Each panel displays the nodal-line pattern where the mode is zero: the first is a single central dome, and successive modes develop progressively more nodal lines and intricate cellular patterns. Several pairs of panels look identical apart from a ninety-degree rotation, marking degenerate eigenvalue pairs produced by the square symmetry of the domain, such as the second and third modes."
"Chapter 14: Higher-Order Boundary Value Problems","Figure","Fig. 14.6","fig14_6","figures/ch14/python/quarter_plate.pdf","First 12 even-even eigenmodes of the clamped square plate, computed on the quarter domain $[0, 1]^2$ with $N = 13$. The modes are displayed on a $4 times 3$ grid in order of increasing eigenvalue. All modes exhibit the expected even-even symmetry: symmetric about both $x = 0$ and $y = 0$. The eigenvalues agree with those obtained from the full-domain computation (@fig-plate-eigenmodes) to full numerical precision.","A four-by-three grid of twelve small contour plots showing the first twelve even-even eigenmodes of the clamped square plate, computed on the quarter domain and ordered by increasing eigenvalue. Each pattern is mirror-symmetric about both the x equals zero and y equals zero axes, with increasingly many nodal lines for higher modes. These quarter-domain eigenvalues match the full-domain computation to full numerical precision, illustrating exact symmetry reduction."
"Chapter 14: Higher-Order Boundary Value Problems","Figure","Fig. 14.7","fig14_7","figures/ch14/python/orr_sommerfeld.pdf","Orr--Sommerfeld spectrum for plane Poiseuille flow with $alpha = 1$ and $R = 5772$, computed with $N = 40$, $60$, $80$, and $100$ Chebyshev points (shown on a $2 times 2$ grid). The eigenvalues $c$ are plotted in the complex plane; the real axis $op(""Im"")(c) = 0$ separates stable ($op(""Im"")(c) < 0$) from unstable ($op(""Im"")(c) > 0$) modes. The characteristic Y-shaped structure of the spectrum is visible, with three distinct branches. The rightmost eigenvalue $c_(""max"") approx 0.2375 + 7.82 times 10^(-5) i$ is barely unstable, confirming proximity to the critical Reynolds number.","A two-by-two grid of complex-plane scatter plots of the Orr-Sommerfeld spectrum for plane Poiseuille flow at wavenumber alpha equals one and Reynolds number five thousand seven hundred seventy-two, computed with forty, sixty, eighty, and one hundred Chebyshev points. Each panel plots eigenvalues c with real phase speed on the horizontal axis and imaginary part on the vertical axis; the horizontal line at imaginary part zero divides stable (below) from unstable (above). The points trace a characteristic Y-shaped pattern of three branches whose core is identical across panels while the branch tips shift with resolution. One rightmost eigenvalue near phase speed zero point two-four sits just barely above the line, marking marginal instability."
"Chapter 14: Higher-Order Boundary Value Problems","Figure","Fig. 14.8","fig14_8","figures/ch14/python/pseudospectra.pdf","Pseudospectra of the Orr--Sommerfeld operator for plane Poiseuille flow with $N = 100$, $R = 5772$, $alpha = 1$. The eigenvalues (dots) lie in the stable half-plane $op(""Im"")(c) < 0$, but the $epsilon$-pseudospectral contours extend far into the unstable region. The contours at $epsilon = 10^(-2), 10^(-4), 10^(-6), 10^(-8), 10^(-10)$ show that even a tiny perturbation of order $epsilon approx 10^(-4)$ can push an eigenvalue across the stability boundary. This extreme sensitivity --- a consequence of the non-normality of the operator --- explains the subcritical transition to turbulence observed in experiments at $R << R_c$.","A complex-plane contour plot of the epsilon-pseudospectra of the non-normal Orr-Sommerfeld operator at N equals one hundred, Reynolds number five thousand seven hundred seventy-two, wavenumber one. Dots mark the eigenvalues, all lying in the stable lower half-plane (imaginary part of c below zero), while nested level curves for epsilon equal to ten to the power minus two, minus four, minus six, minus eight, and minus ten surround them. The outer contours balloon upward across the imaginary-part-zero stability boundary into the unstable region, showing that a perturbation as small as about ten to the power minus four can make an eigenvalue unstable, the non-normality mechanism behind subcritical transition."
"Chapter 14: Higher-Order Boundary Value Problems","Figure","Fig. 14.9","fig14_9","figures/ch14/python/kuramoto_sivashinsky.pdf","Kuramoto--Sivashinsky equation @eq-ks-ho on $[0, 32 pi]$ with $N = 256$ and ETDRK4 time integration up to $T = 150$. The space-time plot shows the characteristic spatiotemporal chaos: an initial transient period ($t lt.eq.slant 20$) during which long-wavelength instabilities grow, followed by a sustained chaotic regime in which cells merge, split, and interact nonlinearly. The solution never settles into a steady or periodic state.","A space-time plot of the Kuramoto-Sivashinsky solution on the interval zero to thirty-two pi, with N equals two hundred fifty-six modes integrated by ETDRK4 to time one hundred fifty. Position runs along one axis and time along the other, with solution amplitude shown as colour. After a brief transient up to about time twenty in which long-wavelength stripes emerge, the field settles into sustained spatiotemporal chaos: diagonal cellular streaks that continually merge, split, and weave without ever forming a steady or periodic pattern."
"Chapter 14: Higher-Order Boundary Value Problems","Table","Table 14.1","tbl14_1","live text table (no image file)","Summary of computational études in this chapter.","A summary table listing the nine computational etudes of the chapter, giving for each its number, the problem solved (from the clamped beam and biharmonic plate to Orr-Sommerfeld stability and Kuramoto-Sivashinsky chaos), the key spectral technique used, and a one-line highlight such as the N to the fourth versus N to the eighth conditioning trade-off and the critical Reynolds number near five thousand seven hundred seventy-two."
"Chapter 15: Quadrature in Spectral Methods: When Exactness Misleads","Figure","Fig. 15.1","fig15_1","figures/ch15/python/node_visualization.pdf","Newton--Cotes (equispaced), Gauss--Legendre, and Clenshaw--Curtis quadrature nodes on $[-1, 1]$ for $n = 32$. The latter two sets cluster near $plus.minus 1$, sharing the same asymptotic distribution.","Three horizontal rows of dots over the interval from minus one to one, comparing quadrature node placements for thirty-two points. The Newton-Cotes row shows evenly spaced dots; the Gauss-Legendre and Clenshaw-Curtis rows both crowd their dots tightly toward the two endpoints and thin them out in the middle, visually conveying that the latter two share the same endpoint-clustered distribution that suppresses the Runge phenomenon."
"Chapter 15: Quadrature in Spectral Methods: When Exactness Misleads","Figure","Fig. 15.2","fig15_2","figures/ch15/python/polynomial_exactness.pdf","Monomial quadrature errors $|E_n (x^k)| = |I_n (x^k) - I(x^k)|$ for the three rules with $n + 1 = 33$ points, plotted against the monomial degree $k = 0, 1, dots, 2n$. Newton--Cotes (coral) and Clenshaw--Curtis (teal) are exact for $k lt.eq.slant n = 32$ and lift off afterwards; Gauss--Legendre (navy) stays at machine precision throughout because its degree of precision $2n + 1 = 65$ exceeds the entire test range. Odd $k$ are zero by symmetry and have been clamped to the machine-epsilon floor for the log scale.","Semilog plot of monomial quadrature error versus monomial degree k from zero to sixty-four for three rules using thirty-three points. The coral Newton-Cotes and teal Clenshaw-Curtis curves hug the machine-precision floor near ten to the power minus sixteen up to degree thirty-two, then climb steeply once k exceeds n. The navy Gauss-Legendre curve stays flat at the floor across the entire range, since its degree of precision sixty-five exceeds every test degree. Odd-degree points sit on the floor by symmetry."
"Chapter 15: Quadrature in Spectral Methods: When Exactness Misleads","Figure","Fig. 15.3","fig15_3","figures/ch15/python/newton_cotes_runge.pdf","Quadrature errors for $f(x) = 1/(1 + 25x^2)$ on $[-1, 1]$. Newton--Cotes (red) diverges exponentially while Gauss--Legendre (navy) and Clenshaw--Curtis (teal) converge rapidly.","Semilog plot of absolute quadrature error against the number of points n for the Runge function one over one plus twenty-five x squared. The red Newton-Cotes curve climbs steeply upward, diverging roughly like two to the power n, while the navy Gauss-Legendre and teal Clenshaw-Curtis curves plunge rapidly toward machine precision. The contrast shows that equal degree of precision does not guarantee accuracy."
"Chapter 15: Quadrature in Spectral Methods: When Exactness Misleads","Table","Table 15.1","tbl15_1","live text table (no image file)","Newton--Cotes quadrature errors for monomials $x^k$ and Chebyshev polynomials $T_k (x)$ with $n = 30$ points. Below the exactness degree ($k lt.eq.slant 29$), both give zero. Above it, monomials appear well-integrated while Chebyshev polynomials expose the catastrophic ill-conditioning. Adapted from @TrefethenExactness2022.","Table reporting Newton-Cotes errors with thirty points for monomials x to the k and Chebyshev polynomials T sub k across degrees twenty-six to thirty-eight, showing both are exactly zero below the exactness degree but above it the monomial errors stay tiny (around ten to the power minus four to minus seven) while the Chebyshev errors explode into the hundreds and tens of thousands, exposing the rule's hidden ill-conditioning."
"Chapter 15: Quadrature in Spectral Methods: When Exactness Misleads","Figure","Fig. 15.4","fig15_4","figures/ch15/python/gauss_cc_construction.pdf","Validation of our Gauss--Legendre (Golub--Welsch) and Clenshaw--Curtis (FFT) implementations. The error in integrating $e^x$ on $[-1, 1]$ converges to machine precision for both methods, confirming correctness.","Semilog convergence plot of the error in integrating e to the power x on minus one to one against the number of points, validating from-scratch Gauss-Legendre (Golub-Welsch) and Clenshaw-Curtis (FFT) implementations. Both error curves descend steadily and level off at machine precision near ten to the power minus sixteen, confirming the rules were built correctly."
"Chapter 15: Quadrature in Spectral Methods: When Exactness Misleads","Figure","Fig. 15.5","fig15_5","figures/ch15/python/convergence_race.pdf","Convergence of Gauss (filled circles) and Clenshaw--Curtis (open circles) quadrature for six functions on $[-1, 1]$, for $n$ ranging from 1 to 32. The first function is polynomial, the next two are entire, the fourth is analytic, the fifth is $C^infinity$, and the sixth is $C^2$. For the less smooth functions, the two methods are essentially identical. Adapted from @TrefethenCC2008.","Grid of six semilog convergence panels, one per benchmark function of decreasing smoothness (a degree-twenty polynomial, two entire functions, an analytic function with nearby poles, a C-infinity function, and a C-two function), each plotting quadrature error against n from one to thirty-two for Gauss (filled circles) and Clenshaw-Curtis (open circles). For the polynomial Gauss reaches the floor at half the points, but for the analytic and less smooth functions the two marker sets fall almost on top of each other, showing the two methods are essentially indistinguishable in practice."
"Chapter 15: Quadrature in Spectral Methods: When Exactness Misleads","Figure","Fig. 15.6","fig15_6","figures/ch15/python/aliasing_chebyshev.pdf","Left: Clenshaw--Curtis quadrature errors $|E_n (T_k)|$ for even $k$ with $n = 30$. The errors are zero for $k lt.eq.slant 28$, small ($cal(O)(n^(-2))$) in the shaded region $30 lt.eq.slant k lt.eq.slant 60$, and of order 1 beyond. Right: for $f(x) = |x|^3$, the products $|a_k E_n (T_k)|$ show that the shaded coefficients do not dominate the total error. Adapted from @TrefethenExactness2022.","Two semilog panels for n equals thirty. Left: Clenshaw-Curtis error for the Chebyshev polynomial T sub k versus even k, sitting at zero up to k equals twenty-eight, then staying small (order n to the power minus two) across a shaded band from thirty to sixty before rising to order one beyond. Right: for the function absolute value of x cubed, the products of Chebyshev coefficient magnitude times quadrature error versus k, showing the shaded-band terms do not dominate the total error, which explains why Clenshaw-Curtis stays accurate."
"Chapter 15: Quadrature in Spectral Methods: When Exactness Misleads","Figure","Fig. 15.7","fig15_7","figures/ch15/python/complex_plane.pdf","Étude 15.7 (four panels in a 2$times$2 grid). _(a)_, _(b)_, _(c)_: contour plots of $|phi(z) - r_n (z)|$ in the complex plane for Newton--Cotes, Gauss--Legendre, and Clenshaw--Curtis with $n = 16$. The innermost contour is $|phi - r_n| = 1$; successive contours are $10^(-1), 10^(-2), dots$ Newton--Cotes contours are visibly squeezed near $[-1, 1]$ (the Runge weakness); Gauss and Clenshaw--Curtis are virtually identical, explaining their near-tie on functions with nearby singularities. Adapted from @TrefethenCC2008. _(d)_: empirical confirmation on a Runge-like benchmark $integral_(-1)^1 dif x / (1 + 16 x^2)$ --- Newton--Cotes diverges, Gauss--Legendre and Clenshaw--Curtis both reach machine precision geometrically by $n approx 100$.","Four-panel grid for n equals sixteen. Panels (a), (b), (c) are complex-plane contour maps of the approximation error between the exact kernel phi and the rational approximant r sub n for Newton-Cotes, Gauss-Legendre, and Clenshaw-Curtis, with the innermost contour at one and outer contours at ten to the power minus one, minus two, and so on; the Newton-Cotes contours are pinched tightly against the real interval while the Gauss and Clenshaw-Curtis contours look virtually identical. Panel (d) is a semilog convergence plot on the Runge-like integral one over one plus sixteen x squared, where Newton-Cotes diverges upward while Gauss and Clenshaw-Curtis descend geometrically together to machine precision by about a hundred points."
"Chapter 15: Quadrature in Spectral Methods: When Exactness Misleads","Figure","Fig. 15.8","fig15_8","figures/ch15/python/gauss_hermite_weights.pdf","Left: Gauss--Hermite quadrature weights for $n = 100$. The dashed line marks machine precision ($10^(-16)$). About half of the weights lie below this threshold. Right: fraction of weights below machine precision as a function of $n$, approaching 100% as $n arrow infinity$. Adapted from @TrefethenExactness2022.","Two panels on the Gauss-Hermite paradox. Left: scatter of the hundred quadrature weights for n equals one hundred plotted on a log scale against node position, with a horizontal dashed line at machine precision ten to the power minus sixteen; roughly half the weights fall below the line, marking them as computationally useless. Right: the fraction of weights below machine precision rising with n and tending toward one hundred percent as n grows, showing the waste worsens with order."
"Chapter 15: Quadrature in Spectral Methods: When Exactness Misleads","Figure","Fig. 15.9","fig15_9","figures/ch15/python/gauss_hermite_failure.pdf","Quadrature errors for $integral_(-infinity)^infinity e^(-x^2) cos(x^3) dif x$. Gauss--Hermite (navy) converges root-exponentially ($cal(O)(e^(-C sqrt(n)))$, parabola on semilog scale), while the trapezoidal rule on $[-6, 6]$ (coral) converges much faster, reaching machine precision around $n = 80$. Adapted from @TrefethenExactness2022.","Semilog plot of quadrature error against the number of points for the integral of e to the power minus x squared times cosine of x cubed over the whole real line. The navy Gauss-Hermite curve descends slowly along a parabolic root-exponential path, while the coral truncated trapezoidal rule on minus six to six drops far more steeply and reaches machine precision around eighty points, dramatically beating the formally optimal Hermite rule."
"Chapter 15: Quadrature in Spectral Methods: When Exactness Misleads","Figure","Fig. 15.10","fig15_10","figures/ch15/python/convergence_rates.pdf","Verification of the asymptotic convergence rates. Left: Gauss--Hermite error plotted against $n^(1/2)$ shows a straight line on a semilog scale, confirming $cal(O)(e^(-C n^(1/2)))$. Right: truncated Gauss--Legendre error plotted against $n^(2/3)$ shows a straight line, confirming the faster rate $cal(O)(e^(-C n^(2/3)))$ of Theorem 5.1.","Two semilog panels verifying asymptotic convergence rates by rescaling the horizontal axis. Left: Gauss-Hermite error plotted against the square root of n falls along a straight line, confirming a root-exponential rate of order e to the power minus C times square root of n. Right: truncated Gauss-Legendre error plotted against n to the two-thirds power also forms a straight line, confirming the steeper rate e to the power minus C times n to the two-thirds; dashed least-squares fit lines mark the slopes used to extract the decay constants."
"Chapter 15: Quadrature in Spectral Methods: When Exactness Misleads","Table","Table 15.2","tbl15_2","live text table (no image file)","Summary of computational études in this chapter.","Summary table listing the ten computational etudes of the chapter, giving for each its problem, key technique, and headline result, providing a one-glance map of the chapter's experiments from node visualization through experimental convergence rates."
"Chapter 16: Integration of Periodic Functions: Why the Trapezoidal Rule Becomes Spectral","Table","Table 16.1","tbl16_1","live text table (no image file)","Trapezoidal-rule approximations to $(2/pi) E(0.36)$, exploiting the four-fold symmetry of Poisson's integrand. Each new sample point reduces the error by a factor of approximately $3$, in agreement with the geometric rate $cal(O)(3^(-N))$ predicted by the strip-analyticity theorem of @sec-strip-analyticity.","A three-column table listing, for sample counts N over four equal to 1 through 7, the trapezoidal approximation to two over pi times the elliptic integral E of 0.36 and its absolute error; the error falls from about two point eight times ten to the minus three down to roughly five times ten to the minus sixteen, shrinking by a factor near three with each added node and reaching machine precision by eight independent samples."
"Chapter 16: Integration of Periodic Functions: Why the Trapezoidal Rule Becomes Spectral","Figure","Fig. 16.1","fig16_1","figures/ch16/python/poisson_ellipse.pdf","Geometric convergence of the periodic trapezoidal rule on Poisson's ellipse integrand. Each independent sample reduces the error by approximately $3$, until machine precision is reached at $N/4 approx 8$. The dashed line is the theoretical envelope $3^(-N)$, derived in @sec-strip-analyticity from the location of the branch points of the integrand in the complex plane.","Semilog plot of absolute trapezoidal-rule error against the number of independent samples N over four for Poisson's ellipse integrand; the data points fall along a straight descending line that matches a dashed reference envelope of three to the power minus N, dropping about half a digit per sample until machine precision near ten to the minus sixteen is reached at N over four about eight, confirming geometric convergence."
"Chapter 16: Integration of Periodic Functions: Why the Trapezoidal Rule Becomes Spectral","Figure","Fig. 16.2","fig16_2","figures/ch16/python/band_limited.pdf","(a) Trapezoidal error for a random trigonometric polynomial of degree $m = 10$. Once $N > m$, the rule is exact. (b) For fixed $N = 16$, the trapezoidal error in $integral_0^(2 pi) cos(k theta) dif theta$ as a function of $k$. The only failures are at $k = N$ and $k = 2 N$ (integer multiples of $N$). Modes $k$ with $N/2 < k < N$ are aliased on the grid but still integrate exactly to zero, because the one-point-per-wavelength condition is sufficient for quadrature even when it is not sufficient for reconstruction.","Two panels. Panel a, semilog error versus N for a random degree-ten trigonometric polynomial: the error stays of order one until N exceeds ten, then collapses to machine precision and stays there, showing exactness once N is larger than the degree. Panel b, error versus frequency k for integrating cosine of k theta with N fixed at sixteen: nearly all k give machine-zero error, with isolated spikes only at k equal to sixteen and k equal to thirty-two, the integer multiples of N, illustrating that aliased modes between N over two and N still integrate exactly to zero."
"Chapter 16: Integration of Periodic Functions: Why the Trapezoidal Rule Becomes Spectral","Table","Table 16.2","tbl16_2","live text table (no image file)","The five-class taxonomy of convergence rates for the periodic trapezoidal rule. Each class is defined by the decay rate of the Fourier coefficients of the integrand, and that decay rate is in turn determined by the analytic structure of $f$ in the complex plane.","A three-column table mapping five integrand classes (trigonometric polynomial, finite-smoothness C-k, strip-analytic, entire, and C-infinity but non-analytic) to their Fourier-coefficient decay and the resulting trapezoidal error rate, ranging from exact through algebraic, geometric, supergeometric, and subgeometric."
"Chapter 16: Integration of Periodic Functions: Why the Trapezoidal Rule Becomes Spectral","Figure","Fig. 16.3","fig16_3","figures/ch16/python/algebraic_decay.pdf","Algebraic convergence on the periodic functions $f_2 (x) = |sin(x/2)|$ (slope $-2$, coral) and $f_3 (x) = |sin(x/2)|^3$ (slope $-4$, navy). The dashed envelopes are Weideman's explicit asymptotic constants $pi^2 / (3 N^2)$ and $pi^4 / (30 N^4)$ from @eq-algebraic-rates. The two slopes differ by a factor of two because $f_3$ has two more matching odd derivatives across the period than $f_2$.","Log-log plot of absolute trapezoidal error versus N for two periodic functions: absolute value of sine of x over two in coral falling along slope minus two, and its cube in navy falling along slope minus four. Dashed envelopes for Weideman's constants pi squared over three N squared and pi to the fourth over thirty N to the fourth track each curve, the steeper slope reflecting the cubed function's extra matching odd derivatives across the period."
"Chapter 16: Integration of Periodic Functions: Why the Trapezoidal Rule Becomes Spectral","Figure","Fig. 16.4","fig16_4","figures/ch16/python/poisson_kernel.pdf","(a) Geometric decay of the trapezoidal error for $f_4 (x) = 1 / (2 - cos x)$. The numerical errors (coral) and Weideman's exact closed-form error @eq-poisson-kernel-exact (navy dashed) agree to machine precision. (b) The integrand has poles in the complex plane at $theta = plus.minus i log(2 + sqrt(3)) = plus.minus 1.317i$ (and their $2 pi$-translates). The shaded region is the strip of analyticity; the trapezoidal nodes (coral dots) lie on the real axis. Each new node reduces the error by a factor of $2 - sqrt(3) approx 0.27$.","Two panels. Panel a, semilog error versus N for one over the quantity two minus cosine x: coral numerical errors and a navy dashed closed-form curve coincide down to machine precision, the error shrinking by about zero point two seven per node. Panel b, a complex-plane diagram showing a horizontal shaded strip of analyticity bounded by lines at imaginary part plus and minus about one point three two, with the integrand's poles marked just outside the strip and the trapezoidal nodes shown as coral dots along the real axis, linking the geometric rate to the imaginary distance of the nearest pole."
"Chapter 16: Integration of Periodic Functions: Why the Trapezoidal Rule Becomes Spectral","Figure","Fig. 16.5","fig16_5","figures/ch16/python/supergeometric.pdf","Supergeometric decay of the trapezoidal-rule error for $f_5 (x) = e^(cos x)$. The dashed envelope is the Bessel-function asymptotic $2 sqrt(2 pi / N) (e / (2 N))^N$ derived above. The slope of the convergence curve becomes steeper with each new node, the signature of a faster-than-geometric decay; by $N = 14$ the trapezoidal sum agrees with $2 pi I_0 (1)$ to almost double-precision accuracy.","Semilog plot of absolute trapezoidal error versus N for e to the power cosine x; the data points curve downward with an ever-steepening slope rather than a straight line, tracking a dashed Bessel-function envelope of two times the square root of two pi over N times e over two N all to the power N. This steepening is the signature of supergeometric, faster-than-geometric decay, with the error reaching nearly machine precision by N equal to fourteen."
"Chapter 16: Integration of Periodic Functions: Why the Trapezoidal Rule Becomes Spectral","Figure","Fig. 16.6","fig16_6","figures/ch16/python/subgeometric.pdf","Subgeometric decay of the trapezoidal-rule error for the $C^infinity$-but-not-analytic function $f_6 (x) = exp((cos x - 1)/(cos x + 1))$. (a) Error vs $N$: the curve bends downward but never becomes a straight line, in contrast to the geometric and supergeometric examples. (b) Error vs $N^(2/3)$: the curve becomes nearly straight, confirming the predicted rate $exp(-frac(3, 2) N^(2/3))$. The visual transformation between the two panels diagnoses the analytic structure of the integrand from the convergence data alone.","Two panels showing the same subgeometric error data for the C-infinity but non-analytic function exp of cosine x minus one over cosine x plus one. Panel a plots error against N on a semilog axis: the curve bends downward but never straightens. Panel b plots the same error against N to the power two-thirds: the curve becomes nearly a straight line, confirming the rate exp of minus three-halves N to the two-thirds and demonstrating how a change of horizontal axis reveals the integrand's analytic structure."
"Chapter 16: Integration of Periodic Functions: Why the Trapezoidal Rule Becomes Spectral","Figure","Fig. 16.7","fig16_7","figures/ch16/python/real_line_gaussian.pdf","The trapezoidal rule on the real line, applied to $integral_(-infinity)^infinity e^(-x^2) / sqrt(pi) dif x = 1$. The reference dashed line is the simplest envelope $e^(-pi^2 / h)$ obtained by taking $a = pi / 2$ in the strip bound @eq-real-line-thm. The actual error decays even faster because the Gaussian is entire, allowing the optimal strip width $a$ to grow with $N$. By $N = 12$ the error is at machine precision.","Semilog plot of absolute error versus N for the real-line trapezoidal rule applied to the normalized Gaussian integral, whose true value is one; the data points descend with a steepening slope that drops below a straight dashed reference envelope e to the minus pi squared over h. The actual error falls faster than the reference because the entire Gaussian admits an unboundedly widening strip, reaching machine precision by N equal to twelve."
"Chapter 16: Integration of Periodic Functions: Why the Trapezoidal Rule Becomes Spectral","Figure","Fig. 16.8","fig16_8","figures/ch16/python/fft_coefficients.pdf","(a) Fourier coefficients $|hat(f)_k|$ of $1/(2 - cos x)$. The exact closed form $r^(|k|) / sqrt(3)$ (navy) and the FFT-computed values from $N = 32$ samples (coral dots) coincide on the plot. (b) The absolute error in each FFT coefficient. In the resolved band the error is at machine precision; near the Nyquist frequency $|k| = N/2$ the error grows because of aliasing tails, but it remains far below the magnitude of the coefficient itself. _Every spectral coefficient computed by the FFT in this textbook is, secretly, an instance of the periodic trapezoidal rule._","Two panels for the Fourier coefficients of one over the quantity two minus cosine x. Panel a, magnitude of each coefficient versus index k on a semilog axis: the exact closed form r to the absolute k over root three (navy) and FFT values from thirty-two samples (coral dots) overlap as a symmetric tent decaying away from k equals zero. Panel b, absolute error of each FFT coefficient versus k: near machine precision across the resolved central band and rising toward the Nyquist frequency at k equal to N over two due to aliasing, yet always far below the coefficient magnitude."
"Chapter 16: Integration of Periodic Functions: Why the Trapezoidal Rule Becomes Spectral","Table","Table 16.3","tbl16_3","live text table (no image file)","Summary of computational études in this chapter.","A four-column summary table listing the chapter's eight computational etudes with their test function, convergence class, and a one-line highlight, spanning the geometric, algebraic, supergeometric, subgeometric, and real-line regimes plus the FFT-equals-trapezoidal-rule identity."
"Chapter 17: Time Stepping, Stability, and the CFL Constraint","Figure","Fig. 17.1","fig17_1","figures/ch17/python/catastrophe_gallery.pdf","Three deliberate blow-ups. _Left_: Fourier advection with forward Euler and $Delta t$ 20% above the stability threshold; sawtooth oscillations appear at the highest wavenumbers and grow to fill the domain. _Centre_: Chebyshev wave equation with leapfrog and $Delta t$ 50% too large; the instability is localised near the boundaries $x = plus.minus 1$. _Right_: Chebyshev heat equation with forward Euler and $Delta t$ tripled beyond the stability limit; boundary-localised oscillations grow explosively within a few steps. In each case, the instability first appears in the modes associated with the largest eigenvalues of the spatial operator.","Three side-by-side line plots of solution profiles, each showing a deliberate time-stepping blow-up. Left, Fourier advection stepped just above its stability limit, where rapid sawtooth oscillations at the highest wavenumbers have grown to fill the whole domain. Centre, the Chebyshev wave equation with leapfrog at fifty percent too large a step, where the violent oscillations are confined to the two boundaries at x equals plus and minus one. Right, the Chebyshev heat equation with forward Euler at triple the stable step, again erupting near the boundaries. The common lesson: instability first strikes the modes tied to the largest eigenvalues of the spatial operator."
"Chapter 17: Time Stepping, Stability, and the CFL Constraint","Figure","Fig. 17.2","fig17_2","figures/ch17/python/stability_regions.pdf","Stability regions of six classical time integrators. _Top left_: Forward Euler (disk of radius 1 centred at $-1$). _Top centre_: Classical RK4 (extends $approx 2.8$ units along both the real and imaginary axes). _Top right_: Leapfrog for first-order systems (the open segment $(-2 i, 2 i)$ on the imaginary axis). _Bottom left_: Adams--Bashforth 2 (small region near the origin). _Bottom centre_: Crank--Nicolson (the entire left half-plane, shaded). _Bottom right_: Backward Euler (complement of the unit disk centred at $1$; contains the left half-plane and more). The shaded interiors are the stable regions.","A two-by-three grid plotting, in the complex z-plane with real axis horizontal and imaginary axis vertical, the stability regions of six time integrators with stable interiors shaded. Top row: forward Euler is a unit disk centred at minus one; classical RK4 reaches about two point eight units along both axes; first-order leapfrog is just the open segment of the imaginary axis between minus two i and plus two i. Bottom row: Adams-Bashforth 2 is a small region near the origin; Crank-Nicolson fills the entire left half-plane; backward Euler covers everything outside the unit disk centred at plus one, including the whole left half-plane. The contrast shows explicit methods have small bounded regions while implicit ones are unbounded."
"Chapter 17: Time Stepping, Stability, and the CFL Constraint","Figure","Fig. 17.3","fig17_3","figures/ch17/python/spectra_overlay.pdf","Stability regions with superimposed spectral eigenvalues. _Left_: The RK4 stability region with the purely imaginary eigenvalues $Delta t dot i k$ of the Fourier first-derivative matrix for $N = 32$ and two values of $Delta t$: stable (dots inside the region) and unstable (dots outside). _Right_: The forward Euler stability region with the real negative eigenvalues $Delta t dot lambda_j$ of the Chebyshev second-derivative matrix for $N = 16$. The outlier eigenvalues near $-0.048 N^4$ force an extremely small $Delta t$ to keep all dots inside the unit disk.","Two panels overlaying scaled eigenvalues, drawn as dots, onto time-integrator stability regions in the complex plane. Left, the RK4 region with the purely imaginary eigenvalues of the Fourier first-derivative matrix for N equals thirty-two at two step sizes: one set sits inside the region (stable), the other spills outside (unstable). Right, the forward Euler unit disk with the real negative eigenvalues of the Chebyshev second-derivative matrix for N equals sixteen, where outlier eigenvalues near minus zero point zero four eight times N to the fourth lie far to the left, forcing an extremely small time step to keep every dot inside the disk."
"Chapter 17: Time Stepping, Stability, and the CFL Constraint","Figure","Fig. 17.4","fig17_4","figures/ch17/python/fourier_cfl_scaling.pdf","_Left_: Eigenvalues of the Fourier differentiation matrix for $N = 32$, lying on the imaginary axis from $-16 i$ to $16 i$. _Right_: Critical time step $Delta t_""crit""$ versus $N$ on a log-log scale for RK4 applied to Fourier advection with $c = 1$. The slope of $-1$ confirms the $cal(O)(N^(-1))$ scaling predicted by @eq-fourier-cfl. The dashed line shows $Delta t = 2.83 / (N/2)$.","Two panels. Left, the eigenvalues of the Fourier differentiation matrix for N equals thirty-two plotted in the complex plane, all lying on the imaginary axis between minus sixteen i and plus sixteen i. Right, the critical time step versus N on log-log axes for RK4 applied to Fourier advection with unit speed; the data fall on a straight line of slope minus one, confirming order N to the minus one scaling, with a dashed reference line at two point eight three divided by N over two."
"Chapter 17: Time Stepping, Stability, and the CFL Constraint","Figure","Fig. 17.5","fig17_5","figures/ch17/python/fourier_cfl_variable.pdf","_Left_: Variable speed profile $c(x) = 1 + 1/2 sin(x)$ with $c_max = 3/2$ marked. _Right_: Critical time step $Delta t_""crit""$ versus $N$ on a log-log scale for RK4 applied to variable-coefficient Fourier advection. The dashed line shows the frozen-coefficient prediction $Delta t = 2.83 / (c_max dot N/2)$; the dotted line shows the constant-coefficient reference $2.83 / (N/2)$. The experimental thresholds converge to the frozen-coefficient prediction for large $N$, confirming the accuracy of the heuristic for this smooth speed profile.","Two panels for variable-coefficient Fourier advection. Left, the speed profile c of x equals one plus one half sine x plotted over the domain, with its maximum value of three halves marked. Right, the critical time step versus N on log-log axes for RK4; the experimental thresholds (markers) converge from below toward a dashed frozen-coefficient prediction two point eight three over the product of c-max and N over two, lying below a dotted constant-coefficient reference line, confirming the frozen-coefficient heuristic for this smooth speed."
"Chapter 17: Time Stepping, Stability, and the CFL Constraint","Figure","Fig. 17.6","fig17_6","figures/ch17/python/cheb_eigenvalues.pdf","Eigenvalues of the Chebyshev second-derivative matrix $tilde(D)_2$ (with Dirichlet boundary conditions) for $N = 32$. All eigenvalues are real and negative. The physical eigenvalues (approximately $2/pi$ of the total) cluster near the exact values $-n^2 pi^2 / 4$ (shown as circles). The outlier eigenvalues extend to $|lambda| approx 0.048 N^4 approx 5 times 10^4$, far beyond the physical range.","Eigenvalues of the Chebyshev second-derivative matrix with Dirichlet boundary conditions for N equals thirty-two, plotted along the real axis, all real and negative. About two over pi of them are physical modes clustering near the exact values minus n squared pi squared over four, marked with circles, while the remaining outlier eigenvalues stretch out to roughly minus zero point zero four eight times N to the fourth, near five times ten to the fourth, far beyond the physical range."
"Chapter 17: Time Stepping, Stability, and the CFL Constraint","Figure","Fig. 17.7","fig17_7","figures/ch17/python/cheb_eigenvectors.pdf","_Left_: A physical eigenvector of $tilde(D)_2$ (mode $N/4 = 8$ for $N = 32$), oscillating smoothly across the interval and closely approximating $sin(8 pi (x+1)/2)$. _Right_: The outlier eigenvector corresponding to the largest eigenvalue, localised near the boundaries $x = plus.minus 1$ and decaying rapidly into the interior. This boundary-localised mode has no physical counterpart yet completely determines the CFL constraint for explicit time stepping.","Two panels comparing eigenvectors of the Chebyshev second-derivative matrix for N equals thirty-two. Left, a physical eigenvector (mode eight) oscillating smoothly across the interval and tracking the sine curve sine of eight pi times x plus one over two. Right, the outlier eigenvector belonging to the largest eigenvalue, sharply peaked at the boundaries x equals plus and minus one and decaying rapidly into the interior. This boundary-localised, physically meaningless mode is what dictates the explicit time-step limit."
"Chapter 17: Time Stepping, Stability, and the CFL Constraint","Figure","Fig. 17.8","fig17_8","figures/ch17/python/cheb_cfl_scaling.pdf","Spectral radius $rho(tilde(D)_2)$ versus $N$ on a log-log scale. The slope of $4$ confirms the $cal(O)(N^4)$ scaling @eq-cheb-outlier. The dashed line shows the fit $0.048 N^4$.","Log-log plot of the spectral radius of the Chebyshev second-derivative matrix versus N. The data fall on a straight line of slope four, confirming order N to the fourth growth, with a dashed fitted line at zero point zero four eight times N to the fourth lying on top of the points."
"Chapter 17: Time Stepping, Stability, and the CFL Constraint","Figure","Fig. 17.9","fig17_9","figures/ch17/python/pseudospectra_comparison.pdf","Pseudospectra of two operators with identical eigenvalues $-1, -2, dots, -N$ (shown as dots). _Left_: A normal (diagonal) operator; the pseudospectral contours are concentric disks around each eigenvalue. _Right_: A highly nonnormal (upper triangular) operator; the pseudospectral contours bulge far beyond the eigenvalues into the right half-plane, indicating potential for large transient growth despite all eigenvalues being stable. The contour levels are $log_(10) epsilon^(-1)$ for $epsilon = 10^(-1), 10^(-2), dots$","Two panels of pseudospectral contours in the complex plane for two operators sharing the same eigenvalues minus one through minus N, shown as dots. Left, a normal diagonal operator, where the contours are tight concentric disks hugging each eigenvalue. Right, a highly nonnormal upper-triangular operator, where the contours balloon far beyond the eigenvalues and reach into the right half-plane, signalling possible large transient growth even though every eigenvalue is stable. Contour levels are the base-ten logarithm of one over epsilon for epsilon equal to ten to the minus one, ten to the minus two, and so on."
"Chapter 17: Time Stepping, Stability, and the CFL Constraint","Figure","Fig. 17.10","fig17_10","figures/ch17/python/fair_comparison.pdf","A fair comparison of six time-stepping strategies for the Fourier heat equation with $N = 64$ and $nu = 0.1$. _Left_: Error versus $Delta t$ on a log-log scale. Forward Euler is limited to tiny $Delta t$ by the CFL condition, while CN and IF achieve much smaller errors at larger $Delta t$. _Right_: Error versus wall-clock time, showing the efficiency trade-off. IF-RK4 and CN dominate for this problem, achieving machine-precision-level accuracy at modest cost.","Two panels comparing six time-stepping strategies for the Fourier heat equation at N equals sixty-four and viscosity zero point one. Left, error versus time step on log-log axes: forward Euler is confined to very small steps by the CFL limit, while Crank-Nicolson and the integrating-factor method reach far smaller errors at much larger steps. Right, error versus wall-clock time, exposing the efficiency trade-off, where IF-RK4 and Crank-Nicolson dominate, attaining near machine-precision accuracy at modest cost."
"Chapter 17: Time Stepping, Stability, and the CFL Constraint","Table","Table 17.1","tbl17_1","live text table (no image file)","Summary of time-stepping strategies for diffusive problems. The ""stable $Delta t$"" column gives the CFL constraint for the Fourier heat equation with $N$ modes. ""Any"" means unconditionally stable (or exact). The ""Price"" column lists the main cost or compromise.","Table summarizing six time-stepping strategies for diffusive problems, listing each method's order, stable time-step (CFL) limit for the Fourier heat equation, whether it is implicit, and its main cost, showing that unconditionally stable implicit and exponential methods trade a per-step price for freedom from the explicit step restriction."
"Chapter 17: Time Stepping, Stability, and the CFL Constraint","Figure","Fig. 17.11","fig17_11","figures/ch17/python/kdv_rk_comparison.pdf","KdV equation: plain RK4 versus IF-RK4. _Left_: Maximum admissible $Delta t$ as a function of $N$. Plain RK4 (circles) scales as $N^(-3)$ due to the $i k^3$ dispersion; IF-RK4 (squares) is limited only by the nonlinear term and scales much more gently. _Right_: Solution at $t = 1$ for $N = 128$; both methods agree to graphical accuracy when run within their respective CFL limits, but IF-RK4 reaches $t = 1$ in approximately 100 steps versus $approx 10^4$ for plain RK4.","Two panels comparing plain RK4 against integrating-factor RK4 for the KdV equation. Left, the maximum admissible time step versus N: plain RK4 (circles) falls off as N to the minus three because of the i k cubed dispersion, while IF-RK4 (squares) is limited only by the mild nonlinearity and declines far more gently. Right, the solution at time one for N equals one hundred twenty-eight, where both methods agree to graphical accuracy, but IF-RK4 reaches that time in about one hundred steps versus roughly ten thousand for plain RK4."
"Chapter 17: Time Stepping, Stability, and the CFL Constraint","Table","Table 17.2","tbl17_2","live text table (no image file)","Summary of computational études in this chapter.","Table summarizing the seven computational etudes of the chapter, giving each one's topic, key insight, and the relevant time-step scaling law, from the visual catastrophe gallery through Fourier order N to the minus one and Chebyshev order N to the minus four restrictions to the roughly hundredfold speedup of integrating-factor RK4 on KdV."
"Chapter 18: Linear Spectral Eigenproblems","Figure","Fig. 18.1","fig18_1","figures/ch18/python/eigen_smooth_lie.pdf","The smooth lie. Left: the third eigenmode at $N = 16$. The numerical values (open circles) agree with the exact eigenfunction $cos(3 pi x / 2)$ (solid) to eight decimal places, and the computed eigenvalue $lambda_3^(N=16) approx 22.20661$ matches the exact $(3 pi / 2)^2$ to within $3 times 10^(-9)$. Right: the fifteenth eigenmode at the same resolution. The numerical eigenfunction still _looks_ smooth and oscillatory, but it is concentrated near the endpoints in a manner the exact $sin(15 pi x / 2)$ is not, and the computed eigenvalue $lambda_(15)^(N=16) approx 3174.79$ is wrong by a factor of $5.7$ relative to the exact $(15 pi / 2)^2 approx 555.17$.","Two side-by-side line plots over the interval from minus one to one at N equals sixteen. The left panel shows the third eigenmode, where open circles for the numerical solution sit exactly on the smooth exact curve cosine of three pi x over two, agreeing to eight decimals, with the eigenvalue near twenty-two point two zero six six one matching three pi over two squared. The right panel shows the fifteenth eigenmode, which also looks smooth but bunches its oscillations near the two endpoints rather than spreading evenly like the exact sine of fifteen pi x over two; its eigenvalue near three thousand one hundred seventy-four point seven nine is wrong, too large by a factor of about five point seven compared with the exact value near five hundred fifty-five point one seven, illustrating that visual smoothness alone does not guarantee a correct eigenfunction."
"Chapter 18: Linear Spectral Eigenproblems","Figure","Fig. 18.2","fig18_2","figures/ch18/python/eigen_two_formulations.pdf","Étude 18.2: two formulations of the same eigenproblem. Left: absolute error vs. mode number for the boundary-bordered pencil (blue circles) and the basis-recombined regular problem (coral squares); the teal crosses are $|lambda^(""pencil"") - lambda^(""regular"")|$. Both formulations produce the _same_ finite spectrum; the maximum disagreement between them is $1.7 times 10^(-12)$, machine-precision noise. Right: $log_(10) |bold(A)|$ for the bordered pencil, showing the two identity-like boundary rows at top and bottom.","Two panels comparing two formulations of the same eigenproblem. The left panel plots absolute error against mode number on a logarithmic vertical axis, with blue circles for the boundary-bordered pencil and coral squares for the basis-recombined regular problem lying on top of each other, while teal crosses showing their difference sit far below at roughly one point seven times ten to the power minus twelve, machine noise, confirming both methods deliver the same spectrum. The right panel is a heatmap of the base-ten logarithm of the absolute matrix entries of the bordered pencil, revealing two thin identity-like boundary rows across the very top and very bottom."
"Chapter 18: Linear Spectral Eigenproblems","Figure","Fig. 18.3","fig18_3","figures/ch18/python/eigen_benchmark_finite.pdf","Étude 18.3: absolute eigenvalue error vs. mode number at $N = 16, 32, 64$. The dashed horizontal line is the $10^(-2)$ tolerance used to define ""good"". Coloured dotted verticals at $N / 2$ mark the heuristic cliff position. For $N = 16$: 6 good modes. For $N = 32$: 15 good modes. For $N = 64$: 34 good modes. The curves show the geometric accuracy in the resolved portion of the spectrum --- six orders of magnitude of error growth from mode $1$ to mode $N / 2$ at $N = 32$ --- followed by a steep cliff up to $cal(O)(lambda_j)$ in the unresolved portion.","A semi-logarithmic plot of absolute eigenvalue error against mode number for three resolutions, N equals sixteen, thirty-two, and sixty-four. A dashed horizontal line marks the good tolerance of ten to the power minus two, and dotted vertical lines at N over two mark the heuristic cliff. Each curve stays low and geometrically accurate across the resolved modes, then turns sharply upward at the cliff into the unresolved range, where error rises to the order of the eigenvalue itself; the number of good modes is six at N equals sixteen, fifteen at N equals thirty-two, and thirty-four at N equals sixty-four."
"Chapter 18: Linear Spectral Eigenproblems","Figure","Fig. 18.4","fig18_4","figures/ch18/python/rational_chebyshev_map.pdf","The rational Chebyshev $""TB""_n$ map and basis. _Left_: the algebraic map $x = ell , t / sqrt(1 - t^2)$ for four values of the map parameter $ell$; the asymptotes at $t = plus.minus 1$ (vertical dotted lines) carry $x$ to $plus.minus infinity$. Larger $ell$ stretches the interior of $[-1, 1]$ further along the real line, exposing more of the physical domain at the cost of crowding the high-$|t|$ tails. _Middle_: the corresponding collocation grids @eq-rc-grid at fixed $N = 24$, plotted as horizontal tick rows over a generic Gaussian-like target (grey). $ell = 1$ keeps the grid tight near $x = 0$; $ell = 8$ scatters most nodes far out where the target has decayed. The right $ell$ is the one that places the densest part of the grid where the target's amplitude is non-negligible. _Right_: the first five basis functions $""TB""_0, dots, ""TB""_4$ at $ell = 2$. Each $""TB""_n$ asymptotes to a constant at $|x| arrow infinity$ --- exactly the behaviour required to represent functions that decay algebraically or settle to a constant.","Three panels illustrating the rational Chebyshev TB n map and basis. The left panel plots the algebraic map x equals ell t over the square root of one minus t squared for four values of the scale parameter ell, with vertical dotted asymptotes at t equals plus and minus one carrying x to plus and minus infinity, and larger ell stretching the interior of the curve further outward. The middle panel shows collocation grids at N equals twenty-four as rows of horizontal tick marks laid over a Gaussian-like target profile, where small ell equals one keeps nodes tightly clustered near x equals zero while ell equals eight scatters nodes far out into the tails. The right panel plots the first five basis functions, TB zero through TB four, at ell equals two, each leveling off toward a constant as the magnitude of x grows toward infinity."
"Chapter 18: Linear Spectral Eigenproblems","Figure","Fig. 18.5","fig18_5","figures/ch18/python/eigen_benchmark_oscillator.pdf","Étude 18.4: the infinite-interval taxinfinite-interval tax. Left: absolute eigenvalue error of the harmonic oscillator at $N = 16, 32$ with map parameter $ell = 4$. Whereas the bounded Laplacian at $N = 16$ gave six trusted eigenvalues (@fig-benchmark-finite), the oscillator at the same resolution gives only four. Doubling to $N = 32$ buys ten trusted modes against fifteen for the bounded case. Right: $ell$-scan at $N = 32$. $ell = 4$ gives ten trusted modes; $ell = 2$ crowds the grid near the origin (seven trusted); $ell = 8$ wastes nodes in the decayed tails (five trusted). The best $ell$ is problem-dependent and, for the oscillator, scales as $ell tilde.op sqrt(lambda_(""max, target""))$.","Two panels showing the cost of working on an infinite interval for the harmonic oscillator. The left panel plots absolute eigenvalue error against mode number on a logarithmic vertical scale at N equals sixteen and thirty-two with scale parameter ell equals four; the cliff arrives earlier than for the bounded Laplacian, giving only four trusted modes at N equals sixteen versus six, and ten at N equals thirty-two versus fifteen. The right panel is a scan over ell at fixed N equals thirty-two, where ell equals four yields the most trusted modes at ten, ell equals two crowds nodes near the origin and gives only seven, and ell equals eight wastes nodes in the tails and gives only five."
"Chapter 18: Linear Spectral Eigenproblems","Table","Table 18.1","tbl18_1","live text table (no image file)","Étude 18.5 regression test: scaled ordinal drifts of the eight suspect modes ($j = 13, dots, 20$), measured against the closed-form prediction $delta^(""ord"")_j approx j / 4$.","A regression-test table listing the scaled ordinal drifts of the eight suspect modes from j equals thirteen through twenty, each compared against the closed-form prediction j over four."
"Chapter 18: Linear Spectral Eigenproblems","Figure","Fig. 18.6","fig18_6","figures/ch18/python/eigen_drift_diagnostic.pdf","Étude 18.5: drift diagnosticdrift diagnostic applied to (left) the Dirichlet Laplacian and (right) the harmonic oscillator, both at $N_1 = 32$ and $N_2 = 48$. Blue circles show $1 / delta^(""ord"")$; coral crosses show $1 / delta^(""nst"")$. For each problem a sharp cliff separates trusted from suspect modes. The Laplacian yields 16 trusted modes (close to the $N_1 / 2$ heuristic); the oscillator yields only 9 (the ""infinite-interval tax""). The two diagnostics agree on the cliff location, since the Laplacian and oscillator both preserve mode ordering under refinement.","Two panels applying the drift diagnostic, on the left to the Dirichlet Laplacian and on the right to the harmonic oscillator, each comparing resolutions N one equals thirty-two and N two equals forty-eight. In both, blue circles show the reciprocal of the ordinal drift and coral crosses the reciprocal of the nearest-neighbour drift, plotted against mode number, with a sharp cliff dropping from high reliable values down to noisy small ones that separates trusted from suspect modes. The Laplacian shows sixteen trusted modes near N one over two, while the oscillator shows only nine because of the infinite-interval tax, and the two diagnostics agree on where the cliff falls."
"Chapter 18: Linear Spectral Eigenproblems","Figure","Fig. 18.7","fig18_7","figures/ch18/python/eigen_bound_plus_continuum.pdf","Étude 18.6: Pöschl--Teller with $nu = 4$. Left: the lowest 25 eigenvalues at $N_1 = 60$ (circles) and $N_2 = 96$ (crosses). The four exact bound states $E in {-16, -9, -4, -1}$ are marked with horizontal teal dashes; every computation locks onto them to machine precision, while the continuum modes above $E = 0$ drift noticeably. Right: reciprocal drift diagnostic; the cliff at mode 5 separates the four bound states plus the marginal $E = 0$ mode from the under-resolved continuum.","Two panels for the Poschl-Teller potential with nu equals four. The left panel plots the lowest twenty-five eigenvalues at N one equals sixty as circles and N two equals ninety-six as crosses against index; the four exact bound-state energies at minus sixteen, minus nine, minus four, and minus one, marked by horizontal teal dashes, are hit to machine precision so the two symbols coincide, while the continuum modes above energy zero drift apart between the two resolutions. The right panel shows the reciprocal drift diagnostic against mode number, with a cliff at mode five that separates the four bound states plus the marginal zero-energy mode from the under-resolved continuum above."
"Chapter 18: Linear Spectral Eigenproblems","Figure","Fig. 18.8","fig18_8","figures/ch18/python/eigen_physically_spurious.pdf","Étude 18.7: manufacturing fake instability. Left: naive-formulation finite spectrum at $N = 32$ (circles) and $N = 48$ (crosses), showing exactly one isolated large positive eigenvalue at each resolution (the $(alpha, beta)$ filter has correctly removed the four bordering infinities, leaving $N - 3$ finite eigenvalues per resolution). Centre: log-log scaling of that single spurious positive across $N in {16, 24, 32, 48, 64, 96, 128, 192, 256}$. The data follow a clean power law that approaches the Dawkins--Dunbar--Douglass (1998) asymptote $cal(O)(N^4)$ from below: empirical slope is $approx 3.4$ at the small-$N$ end, climbing to $approx 3.6$ at $N = 256$. Reaching the full $N^4$ exponent requires $N >> 1000$. Right: the cured formulation; for every tested $N$ the finite spectrum has _zero_ positive eigenvalues. The cure is now uniformly clean.","Three panels showing how a naive formulation manufactures a fake instability. The left panel plots the finite spectrum on a real axis at N equals thirty-two as circles and N equals forty-eight as crosses, each showing exactly one isolated large positive eigenvalue far from the rest. The middle panel is a log-log plot of that single spurious positive eigenvalue against resolution from N equals sixteen to two hundred fifty-six, rising along a power law that approaches the order N to the fourth asymptote from below, with empirical slope climbing from about three point four to about three point six. The right panel confirms that the cured formulation has zero positive eigenvalues at every resolution."
"Chapter 18: Linear Spectral Eigenproblems","Figure","Fig. 18.9","fig18_9","figures/ch18/python/eigen_heinrichs_condition.pdf","Étude 18.8: condition-number surgery for the fourth-order clamped eigenproblem. Left: condition numbers of the naive $bold(D)^4$-bordered pencil (blue circles) and the Heinrichs basis $(1 - x^2)^2 T_j$ (coral squares). Both grow rapidly but the Heinrichs version is consistently $approx 8 times$ better. Dashed reference slopes $N^8$ and $N^4$ are shown as asymptotes. Right: the error in the first eigenvalue at the two discretisations. At small $N$ the Heinrichs version is strictly more accurate; at large $N$ both saturate near the accuracy floor set by conditioning.","Two panels performing condition-number surgery on the fourth-order clamped eigenproblem. The left panel plots condition number against resolution N on log-log axes, with blue circles for the naive fourth-derivative bordered pencil and coral squares for the Heinrichs basis built from one minus x squared all squared times Chebyshev polynomials; both grow steeply but the Heinrichs curve sits about eight times lower, and dashed reference lines of slope N to the eighth and N to the fourth frame them as asymptotes. The right panel plots the error in the first eigenvalue for the two discretisations, where Heinrichs is strictly more accurate at small N while both flatten onto a common conditioning floor at large N."
"Chapter 18: Linear Spectral Eigenproblems","Figure","Fig. 18.10","fig18_10","figures/ch18/python/eigen_power_inverse.pdf","Étude 18.9: one mode at a time. Left: power method iterate converging to $lambda_(""max"") approx 49939$ at rate $|lambda_(N-1) / lambda_N|$. Centre: inverse iteration with three different shifts ($mu = 5, 90, 250$) locking onto three different interior eigenvalues ($lambda approx 2.47, 88.83, 246.74$). Each shift reaches its target in $lt.eq.slant 20$ iterations, with the convergence rate determined by the gap between the two eigenvalues nearest the shift. Right: cautionary case; the shift $mu approx 50.58$ chosen exactly between two adjacent eigenvalues ($lambda approx 39.48$ and $lambda approx 61.68$) produces an iteration that does not cleanly pick either --- distances to both modes oscillate, and convergence is slow.","Three panels demonstrating one-mode-at-a-time iterative solvers, each plotting the iterate value against iteration count. The left panel shows the power method climbing and converging to the largest eigenvalue near forty-nine thousand nine hundred thirty-nine. The middle panel shows inverse iteration with three shifts, mu equals five, ninety, and two hundred fifty, each rapidly locking onto an interior eigenvalue near two point four seven, eighty-eight point eight three, and two hundred forty-six point seven four within at most twenty iterations. The right panel is a cautionary case where a shift mu near fifty point five eight placed exactly between two adjacent eigenvalues near thirty-nine point four eight and sixty-one point six eight fails to settle on either and converges only slowly."
"Chapter 18: Linear Spectral Eigenproblems","Figure","Fig. 18.11","fig18_11","figures/ch18/python/eigen_parameter_map.pdf","Étude 18.10: safely mapping a parameter-dependent spectrum. Left: the leading eigenvalue $lambda_1 (alpha, beta)$ computed by QR at every node of a $9 times 9$ coarse grid (white dots). Contours are drawn through the eigenvalue surface. Right: fine $beta$-scan at $alpha = 0$. The blue curve (safe) re-runs QR at every $beta$, faithfully tracking $lambda_1$ from $approx 2.47$ at $beta = 0$ to $approx 3.44$ at $beta = 8$. The coral curve (naive) continues inverse iteration from a deliberately bad initial shift and tracks the second eigenvalue $lambda_2$ throughout, ending at $approx 12.06$ instead of $approx 3.44$.","Two panels on safely tracking a parameter-dependent spectrum. The left panel shows the leading eigenvalue lambda one as a function of alpha and beta, computed by full QR at every node of a nine-by-nine coarse grid marked with white dots, with contour lines drawn through the resulting eigenvalue surface. The right panel is a fine scan over beta at alpha equals zero, where the safe blue curve re-runs QR at every beta and smoothly tracks lambda one rising from about two point four seven to about three point four four, while the naive coral curve, continuing inverse iteration from a bad shift, accidentally jumps to and follows lambda two and ends near twelve point zero six instead of three point four four."
"Chapter 18: Linear Spectral Eigenproblems","Figure","Fig. 18.12","fig18_12","figures/ch18/python/eigen_complex_detour.pdf","Étude 18.11: detour around the singularity at $y = 0$. Left: the parabolic integration contour $y(x) = x + i Delta (x^2 - 1)$ plotted for three values of the map parameter $Delta in {0.25, 0.50, 0.75}$. Each contour connects $y = -1$ to $y = +1$ below the real axis, safely avoiding the pole at $y = 0$ (purple cross). Right: the first seven eigenvalues, sorted by magnitude, at $N = 40$ and the same three $Delta$ values. All eigenvalues are complex; the three $Delta$ traces overlap almost perfectly for the lowest modes (they are converged) and separate for higher modes (they are under-resolved).","Two panels showing a detour into the complex plane around a singularity at y equals zero. The left panel plots three parabolic integration contours y of x equals x plus i Delta times x squared minus one for Delta equal to zero point two five, zero point five zero, and zero point seven five, each arcing below the real axis to connect y equals minus one to y equals plus one while skirting the pole at y equals zero marked by a purple cross. The right panel plots the first seven eigenvalues sorted by magnitude at N equals forty for the three Delta values in the complex plane; all are complex, and the three traces overlap for the lowest converged modes but fan apart for the higher under-resolved modes."
"Chapter 18: Linear Spectral Eigenproblems","Table","Table 18.2","tbl18_2","live text table (no image file)","Étude 18.11: first four eigenvalues at $N = 40$, $Delta = 0.5$ from the complex-plane detourcomplex-plane detour, computed independently in three languages.","A table listing the first four eigenvalues at N equals forty and Delta equals zero point five from the complex-plane detour, computed independently in Python, MATLAB, and Julia and shown to agree."
"Chapter 19: Coordinate Transformations and Mapped Spectral Methods","Figure","Fig. 19.1","fig19_1","figures/ch19/python/arctan_tan_map.pdf","The arctan/tan map $y = 2 arctan(ell tan(x / 2))$ for several values of the width parameter $ell$. _Left:_ the curve $y(x)$ for $ell in {0.1, 0.3, 1.0, 3.0, 10.0}$; the dashed grey line is the identity ($ell = 1$). _Right:_ images of a uniform $N = 24$ $x$-grid under the map, drawn as tick marks on five stacked horizontal bands. The graphic makes visible the verbal claim of the surrounding paragraph: for $ell < 1$ the ticks cluster near $y = 0$, for $ell > 1$ they cluster near $y = plus.minus pi$, and at $ell = 1$ they remain perfectly uniform.","Two panels. Left: line plot of the mapped coordinate y versus the computational coordinate x over minus pi to pi, with one S-shaped curve per width parameter ell of 0.1, 0.3, 1.0, 3.0, and 10.0; a dashed grey diagonal marks the identity at ell equals one. Curves for ell below one are steep through the origin and flat near the edges; curves for ell above one show the opposite. Right: five stacked horizontal bands, each showing the images of a uniform twenty-four-point x-grid as tick marks for one ell value. The ticks bunch near y equals zero for small ell, near y equals plus or minus pi for large ell, and stay evenly spaced at ell equals one, making the clustering trade-off visible."
"Chapter 19: Coordinate Transformations and Mapped Spectral Methods","Figure","Fig. 19.2","fig19_2","figures/ch19/python/periodic_pulse_two_grids.pdf","Étude 19.1: a periodic pulse on two grids. _(a)_ The profile $f(y)$ (solid line) and the two grids at $N = 32$ --- uniform Fourier (crosses, offset for visibility) and arctan/tan with $ell = 0.3$ (circles). _(b)_ The same pulse rendered in computational coordinates: the broadened profile $tilde(f)(x) = f(y(x))$ (solid teal) compared against the original $f$ (dashed grey, drawn against its native $y$-axis); the uniform $x$-grid sits below. The mapping has done its work --- in $x$ the pulse is roughly five times wider than in $y$, and correspondingly smoother. _(c)_ The $ell^infinity$ error against $N$; the uniform grid needs $N approx 128$ to reach machine precision, while the mapped grid reaches it at $N approx 64$. _(d)_ Fourier-coefficient magnitudes at $N = 96$; both spectra are geometric, but the mapped spectrum decays at a markedly larger rate --- exactly because in the $x$-coordinate the pulse is broader and smoother (panel _(b)_).","Four panels comparing a sharp periodic pulse on a uniform Fourier grid versus an arctan over tan mapped grid. Panel a plots the pulse profile f of y as a solid line with the two thirty-two-point grids overlaid, uniform Fourier as offset crosses and mapped grid as circles clustered near the peak. Panel b shows the same pulse in computational coordinates: the broadened mapped profile in teal is about five times wider and smoother than the original dashed grey pulse, with the uniform x-grid beneath. Panel c plots L-infinity error against N on a semilog axis; the uniform grid reaches machine precision near N of one hundred twenty-eight while the mapped grid reaches it near N of sixty-four. Panel d plots Fourier-coefficient magnitudes at N of ninety-six on a semilog axis, both decaying geometrically but the mapped spectrum falling off markedly faster."
"Chapter 19: Coordinate Transformations and Mapped Spectral Methods","Figure","Fig. 19.3","fig19_3","figures/ch19/python/chebyshev_as_cosine.pdf","Étude 19.2: one problem, two coordinates. The X-path (dense differentiation matrix) and the T-path (FFT-based cosine differentiation) give identical spectral convergence of $u_(""ex"") (x) = sin(pi x)$ for the boundary-value problem @eq-ct-bvp. The left panel shows the interpolant at $N = 24$ overlaid on the exact solution; the right panel confirms that both paths reach machine precision at $N approx 20$, differing only by a factor close to unity at the floating-point noise floor.","Two panels comparing two arithmetic implementations of the same Chebyshev solver for a boundary-value problem with exact solution sine of pi x. The left panel overlays the computed interpolant at N of twenty-four on the exact solution, the two indistinguishable. The right panel plots max-norm error versus N on a semilog axis for the X-path using a dense differentiation matrix and the T-path using FFT-based cosine differentiation; both curves drop steeply and reach machine precision near N of twenty, differing only by a small constant factor at the floating-point noise floor."
"Chapter 19: Coordinate Transformations and Mapped Spectral Methods","Table","Table 19.1","tbl19_1","live text table (no image file)","Wall-clock cost of the two paths for the same BVP, as implemented in `chebyshev_as_cosine.py` (Python 3, NumPy with OpenBLAS, single CPU core). _Median over 11 repeats._ The X-path wins by a constant factor in this regime because NumPy's BLAS executes the dense $cal(O)(N^3)$ matrix product as a single tight kernel, while the T-path pays Python-level call overhead $N + 1$ times when assembling $D_2$ column by column.","Table reporting median wall-clock solve times and final max-norm errors for the X-path and T-path at N from thirty-two to five hundred twelve, showing the dense-matrix X-path runs several times faster than the FFT-based T-path across this range while both reach comparable near-machine-precision accuracy."
"Chapter 19: Coordinate Transformations and Mapped Spectral Methods","Figure","Fig. 19.4","fig19_4","figures/ch19/python/map1d_toolkit.pdf","Étude 19.3: the reusable map toolkit at work. _(a)_ The tanh map $y = tanh(x)$ on $x in [-1, 1]$ (teal): the Chebyshev--Gauss--Lobatto nodes $x_j$ are drawn as navy ticks at the bottom of the panel, and their images $y_j = tanh(x_j)$ as teal ticks on the right edge; faint dotted ""elbow"" lines guide the eye from $x_j$ up to the curve and across to $y_j$. _(b)_ The algebraic semi-infinite map $y = ell(1 + x)/(1 - x)$ at $ell = 2$ (coral), with the $y$-axis truncated at $y = 12$ for legibility; the rightmost CGL endpoint $x = 1$ has no finite image, and several other ticks lie above the visible $y$-range, as the annotation says. The two panels make immediately visible the very different clustering geometries the toolkit treats with one piece of code: a smooth bounded compression for tanh, an exponential stretch toward infinity for the algebraic mapalgebraic map. _(c)_ Max-norm error of the first mapped derivative, $\|D_y u - u'\|_oo$, for both maps; both reach machine precision at $N approx 50$. _(d)_ The same plot for the second derivative $\|D_y^2 u - u''\|_oo$: convergence is shifted upward by roughly $log_10 N^2$ at every $N$, exactly as the condition-number argument below predicts. The visual lag between panels _(c)_ and _(d)_ is the ""$N^2$-lag of $bold(D)^2$"", made quantitative.","Four panels demonstrating a reusable one-dimensional map toolkit. Panel a shows the bounded tanh map y equals tanh of x over the interval minus one to one, with Chebyshev-Gauss-Lobatto nodes as ticks along the bottom and their compressed images as ticks on the right edge, joined by faint dotted elbow guide lines. Panel b shows the algebraic semi-infinite map at ell of two stretching toward infinity, with the y-axis cut off at twelve and several node images lying above the visible range. Panel c plots max-norm error of the first mapped derivative versus N on a semilog axis for both maps, both reaching machine precision near N of fifty. Panel d plots the same for the second derivative, the curves shifted upward by roughly the logarithm of N squared at every N, illustrating the N-squared accuracy lag of differentiating twice."
"Chapter 19: Coordinate Transformations and Mapped Spectral Methods","Figure","Fig. 19.5","fig19_5","figures/ch19/python/semi_infinite_compare.pdf","Étude 19.4: truncation versus algebraic mapping for $u'' - u = 0$ on $[0, infinity)$. _(a)_ Solution at $N = 24$ for truncation at $L = 20$ (coral circles) and algebraic mapping with $ell = 2$ (teal squares, clipped at $y = 12$). _(b)_ The algebraic map $y = ell(1 + x)/(1 - x)$ for the four parameter values used in panel (d): $ell in {1, 2, 4, 8}$ (coral, teal, purple, navy). The CGL nodes $x_j$ at $N = 24$ are drawn as navy ticks at the bottom; the $y$-axis is truncated at $y = 12$ to match panel (a). The four curves illustrate the trade-off the parameter sweep below explores: small $ell$ packs grid points near $y = 0$, large $ell$ stretches them out toward infinity. _(c)_ Truncation error vs $N$ for three truncation lengths; each curve plateaus at the domain-truncation-error level $exp(-L)$. _(d)_ Algebraic-map error vs $N$ for the four map parameters of (b); every curve descends geometrically to machine precision with no accuracy floor. At fixed $N = 48$, the best mapped parameter achieves error $tilde.op 10^(-12)$ while the best truncation achieves error $tilde.op 10^(-8)$.","Four panels comparing domain truncation against an algebraic map for a decaying semi-infinite problem. Panel a overlays the computed solution at N of twenty-four: coral circles for truncation at L of twenty and teal squares for the algebraic map at ell of two, clipped at y of twelve. Panel b plots the algebraic map for ell of one, two, four, and eight, showing how small ell packs points near the origin and large ell stretches them outward, with Chebyshev nodes as ticks along the bottom. Panel c plots truncation error versus N on a semilog axis for three truncation lengths, each plateauing at its e-to-the-minus-L floor. Panel d plots algebraic-map error versus N for four ell values, every curve descending geometrically to machine precision with no accuracy floor; at N of forty-eight the best map reaches about ten to the minus twelve versus about ten to the minus eight for the best truncation."
"Chapter 19: Coordinate Transformations and Mapped Spectral Methods","Figure","Fig. 19.6","fig19_6","figures/ch19/python/heal_branch_point.pdf","Étude 19.5: healing the square-root branch point. _(a)_ The target function in physical coordinates $sqrt(1 - X^2)$ (coral) and in mapped coordinates $""sech"" y$ (teal). _(b)_ Pointwise error $|g(X) - g_N (X)|$ at fixed $N = 32$ vs the physical coordinate $X$, plotted on a semilog axis. The _direct_ expansion (coral) is uniformly bad with peaks near the branch points $X = plus.minus 1$ --- exactly the algebraic envelope $|a_n| tilde.op 1 / n^2$ of the square-root series concentrated at the singularities --- while the _tanh-mapped_ expansion (teal) is uniformly small (machine precision in the bulk, gently rising near the boundaries). The étude's verbal claim ""the singularity at the endpoint hurts the direct expansion"" becomes a quantitative visual fact: the failure is *spatial*, not just integral. _(c)_ Max-norm error vs $N$ on a log-log scale; the direct expansion tracks $1 / N$ (dotted guide line), while the tanh-mapped expansion descends geometrically, reaching $10^(-9)$ at $N = 128$. _(d)_ Chebyshev coefficients at $N = 64$; the direct expansion shows the algebraic envelope $|a_n| tilde.op 1 / n^2$ of the square-root series, while the tanh-mapped expansion is geometric with a decay rate of roughly $exp(-n / 3)$.","Four panels on healing a square-root branch-point singularity. Panel a plots the target square root of one minus X squared in physical coordinates against the smooth sech of y in mapped coordinates. Panel b plots pointwise error at N of thirty-two versus the physical coordinate on a semilog axis: the direct expansion is uniformly poor with sharp peaks at the endpoints X equals plus or minus one, while the tanh-mapped expansion stays near machine precision in the interior and rises only gently near the boundaries. Panel c plots max-norm error versus N on a log-log axis, the direct expansion tracking a one-over-N guide line while the tanh-mapped expansion descends geometrically, reaching about ten to the minus nine at N of one hundred twenty-eight. Panel d plots Chebyshev coefficient magnitudes at N of sixty-four, the direct expansion showing an algebraic one-over-n-squared envelope and the mapped expansion a steep geometric decay."
"Chapter 19: Coordinate Transformations and Mapped Spectral Methods","Figure","Fig. 19.7","fig19_7","figures/ch19/python/corner_tensor_clustering.pdf","Étude 19.6: square Poisson with corner stress. _Top row, (a)–(c)_: _(a)_ contour plot of the solution at $N = 32$, showing the roughly circular level sets and the mild but unmistakable corner flattening; _(b)_ one-dimensional view of the physical grids at $N = 24$ --- the standard Chebyshev grid (navy) and the tanh-clustered grid with $alpha = 2$ (coral) differ only near the endpoints but differ sharply there; _(c)_ max-norm error against the reference, for the unmapped method and for tanh clustering with $alpha in {1, 2, 3}$. The unmapped method _wins_ at every resolution tested up to $N = 64$, a striking confirmation of Boyd's crossover warning. _Bottom row, (d)–(f)_: pointwise error fields $|u_N - u_(""ref"")|$ at $N = 24$ on a common log-colour scale, for the unmapped method (d), tanh $alpha = 1$ (e), and tanh $alpha = 3$ (f). Boyd's warning made spatial: aggressive clustering moves the error _away_ from the corners (where it's hard to suppress) and _into_ the interior (where it didn't need to be), without reducing the $ell^infinity$ norm. Total integrated error is roughly conserved by the choice of $alpha$ at this resolution; only at much larger $N$ would the asymptotic singularity-resolution gain finally beat the constant-factor cost of the resampled interior.","A two-by-three layout for a square Poisson problem with corner stress. Top row: panel a is a contour plot of the solution at N of thirty-two, with roughly circular level sets and mild flattening toward the corners; panel b shows the one-dimensional physical grids at N of twenty-four, the standard Chebyshev grid and the tanh-clustered grid with alpha of two agreeing in the interior but differing sharply near the endpoints; panel c plots max-norm error against the reference versus N on a semilog axis for the unmapped method and tanh clustering at alpha of one, two, and three, with the unmapped method winning at every resolution up to N of sixty-four. Bottom row, panels d through f: pointwise error fields at N of twenty-four on a shared logarithmic color scale for the unmapped method, tanh alpha of one, and tanh alpha of three, showing that aggressive clustering pushes error away from the corners and into the interior without lowering the overall norm."
"Chapter 19: Coordinate Transformations and Mapped Spectral Methods","Figure","Fig. 19.8","fig19_8","figures/ch19/python/arctan_tan_sweep.pdf","Étude 19.7: parameter sweep for the arctan/tan map. _(a)_ Three mapped grids at $N = 32$ for $ell = 0.1$ (coral), $ell = 0.3$ (teal), $ell = 1.0$ (orange); the profile $f(y)$ is drawn for reference. The clustering near $y = 0$ at small $ell$ is precisely what the broad pulse needs. _(b)_ The same pulse rendered in computational coordinates at the chosen $ell^* = 0.3$: the broadened profile $tilde(f)(x) = f(y(x))$ (solid teal) compared against the original $f$ (dashed grey, drawn against its native $y$-axis); the corresponding uniform $x$-grid sits below. The mapping has done its work --- in $x$ the pulse is roughly five times wider than in $y$, and correspondingly smoother. This is _why_ the parameter-sweep below finds an optimum: at the right $ell$, the basis sees a slowly-varying function. _(c)_ Error landscape in $(N, ell)$-space; a broad dark-blue valley of good parameter choices is clearly visible. _(d)_ Slices at fixed $N$; the optimal $ell$ ranges from roughly $0.15$ at $N = 16$ to roughly $0.45$ at $N = 64$, and the valley is decades wide at every resolution. The method is not sensitive to fine tuning of $ell$.","Four panels sweeping the width parameter of the arctan over tan map for a localized periodic pulse. Panel a shows three mapped thirty-two-point grids for ell of 0.1, 0.3, and 1.0 with the pulse profile drawn for reference, smaller ell clustering points near the pulse at y equals zero. Panel b shows the pulse in computational coordinates at the chosen ell of 0.3, the broadened teal profile about five times wider than the original dashed grey pulse with the uniform x-grid beneath. Panel c is a filled error landscape over N and ell, revealing a broad dark valley of good parameter choices. Panel d plots error versus ell at several fixed N on a semilog axis, the optimum drifting from about 0.15 at N of sixteen to about 0.45 at N of sixty-four with valleys decades wide, showing low sensitivity to fine tuning."
"Chapter 19: Coordinate Transformations and Mapped Spectral Methods","Figure","Fig. 19.9","fig19_9","figures/ch19/python/kosloff_tal_ezer.pdf","Étude 19.8: accuracy versus timestep under the Kosloff--Tal-Ezer map. _(a)_ The KTE map $y(xi) = arcsin((1 - beta) xi) / arcsin(1 - beta)$ for the three regimes the étude compares: standard Chebyshev (navy, identity), aggressive $beta tilde.op 1 / N^2$ at $N = 32$ (coral), and conservative $beta = 1 - cos(1 / 2)$ (teal). The CGL nodes $xi_j$ on the bottom show the input grid; the curves' steepness near $xi = plus.minus 1$ measures how strongly the map _flattens_ the boundary clustering. The aggressive curve is nearly straight --- exactly the flattening that buys timestep --- while the conservative one keeps a meaningful S-shape. _(b)_ Minimum grid spacing versus $N$ for the three grids: standard $cal(O)(1 / N^2)$ scaling, aggressive $cal(O)(1 / N)$. _(c)_ Spectral radius of the first-derivative matrix; aggressive KTE reduces stiffness by nearly an order of magnitude at $N = 96$. _(d)_ Chebyshev coefficient $|a_N|$ of $f(y) = y$ sampled on each grid, with the theoretical asymptote $0.488 / N^2$ (navy dotted) confirming Boyd's analysis: aggressive KTE destroys geometric convergence for the simplest polynomial, while conservative KTE preserves it down to the floating-point floor. The four panels read top-down as the trade-off itself: panel (a) sets the geometry, (b) and (c) collect its operator-level wins (smaller spacing, smaller stiffness), and (d) collects the accuracy loss. The conservative choice is the only one that wins everywhere.","Four panels on the Kosloff-Tal-Ezer map trade-off between accuracy and timestep. Panel a plots the map for three regimes: standard Chebyshev as the straight identity, aggressive beta near one over N squared which is nearly straight, and conservative beta retaining a clear S-shape, with input nodes as ticks along the bottom. Panel b plots minimum grid spacing versus N on a log-log axis, standard scaling like one over N squared and aggressive like the gentler one over N. Panel c plots the spectral radius of the first-derivative matrix versus N, aggressive KTE cutting stiffness by nearly an order of magnitude at N of ninety-six. Panel d plots the Chebyshev coefficient magnitude of f equals y versus N on a log-log axis with a theoretical 0.488 over N squared asymptote; aggressive KTE follows this algebraic decay, destroying geometric convergence, while conservative KTE drops to the floating-point floor and preserves it."
"Chapter 20: Spectral Methods on Unbounded Intervals","Figure","Fig. 20.1","fig20_1","figures/ch20/python/truncation_stalls.pdf","Étude 20.1: domain truncation of $sech(y)$ as three slices through one error surface (four panels in a 2$times$2 grid). _(a)_: $L$ fixed at $6$, $N$ varying --- the error plateaus at the domain-truncation level $e^(-L) approx 2.5 times 10^(-3)$ (navy dashed line). _(b)_: $N$ fixed at $32$, $L$ varying --- V-shaped error, with a broad but finite sweet spot near $L approx 6$. _(c)_: $N$ and $L$ growing together --- subgeometric descent, reaching $3 times 10^(-5)$ at $(N, L) = (96, 14)$. _(d)_: the *full two-dimensional error surface* $log_(10) E(N, L)$ as a heatmap (yellow = bad, dark = good), with the three sweeps overlaid as polylines. The unifying picture: the three plots in (a)--(c) are not three different experiments but three orthogonal cuts through the same surface --- a horizontal slice, a vertical slice, and a diagonal trace along the optimum.","Four semilog and heatmap panels in a two-by-two grid dissecting the two-parameter error surface for domain truncation of hyperbolic-secant of y. Panel (a) fixes truncation length L at six and varies resolution N: the error falls then flattens onto a horizontal floor at e to the power minus L, about two point five times ten to the power minus three, marked by a navy dashed line. Panel (b) fixes N at thirty-two and varies L, tracing a V-shaped curve with a broad minimum near L equal to six. Panel (c) grows N and L together, giving a slow subgeometric descent down to three times ten to the power minus five at N, L equal to ninety-six, fourteen. Panel (d) is a heatmap of log base ten of the error over the N-L plane, dark good and yellow bad, with the three sweeps overlaid as polylines, showing they are horizontal, vertical, and diagonal cuts through one surface."
"Chapter 20: Spectral Methods on Unbounded Intervals","Figure","Fig. 20.2","fig20_2","figures/ch20/python/fourier_vs_chebyshev_truncation.pdf","Étude 20.2: Fourier vs Chebyshev domain truncation of $sech(y)$ on $[-L, L]$ with $L = 10$. Left: grid densities at $N = 32$ (Chebyshev, $2 N = 64$ Fourier) --- Fourier has uniformly denser interior points; Chebyshev wastes resolution near $y = plus.minus L$ where the solution is already below $10^(-4)$. Right: max-norm error on the interior $[-L + 1, L - 1]$ versus $N$ --- Fourier wins by $2$-$3$ orders of magnitude until Chebyshev's geometric tail overtakes at $N approx 100$.","Two panels comparing Fourier and Chebyshev truncation of hyperbolic-secant of y on the interval minus ten to ten. The left panel shows the two collocation grids as point distributions: the Fourier grid is uniformly dense across the interior, while the Chebyshev grid clusters points near the far edges where the solution is already below ten to the power minus four. The right panel is a semilog plot of interior max-norm error versus N: the Fourier curve sits two to three orders of magnitude lower than Chebyshev until they cross near N equal to one hundred, where Chebyshev's geometric tail finally overtakes."
"Chapter 20: Spectral Methods on Unbounded Intervals","Figure","Fig. 20.3","fig20_3","figures/ch20/python/sinc_two_masters.pdf","Étude 20.3: sinc expansion of $sech(y)$. _(a)_: error versus $h$ at fixed $N = 48$; the V-shape exhibits the trade-off between bandwidth error (left branch) and grid-span error (right branch), with the empirical optimum (navy dotted) and the theoretical $sqrt(pi^2 / (2 N))$ (teal dashed) agreeing tightly. _(b)_: the literal _two masters_ decomposition --- bandwidth error $E_W (h) tilde.op (4 / pi) e^(-pi^2 / (2 h))$ (navy dashed) and grid-span error $E_(""DT"")(N h) tilde.op 4 e^(-N h / 2)$ (coral dashed) shown separately, with their sum (teal solid) recovering the empirical V (grey); the two analytic curves cross at the empirical $h^star$. _(c)_: max-norm error vs $sqrt(N)$ at the optimal $h$; the curve is straight on this scale, confirming the subgeometric rate $exp(-pi sqrt(N / 2))$ (navy dotted guide). _(d)_: grid cartoon at $N = 8$ and $N = 32$ --- as $N$ quadruples, the span doubles _and_ the spacing halves.","Four panels analysing the sinc expansion of hyperbolic-secant of y. Panel (a) is a semilog plot of error versus grid spacing h at fixed N equal forty-eight, forming a V whose left branch is bandwidth error and right branch is grid-span error; the empirical minimum, navy dotted, coincides with the theoretical square root of pi squared over two N, teal dashed. Panel (b) decomposes the V into its two competing analytic curves, a navy dashed bandwidth term and a coral dashed grid-span term, whose teal sum recovers the grey empirical V and whose crossing marks the optimum. Panel (c) plots max-norm error versus square root of N at optimal h, a straight descending line confirming the subgeometric rate exponential of minus pi times square root of N over two. Panel (d) is a grid cartoon at N equal eight and thirty-two showing that quadrupling N doubles the span and halves the spacing."
"Chapter 20: Spectral Methods on Unbounded Intervals","Figure","Fig. 20.4","fig20_4","figures/ch20/python/hermite_width_mismatch.pdf","Étude 20.4: Hermite width mismatch (six panels in a 3$times$2 grid). _(a)_: cartoon view --- targets $e^(-A y^2)$ for $A in {0.1, 0.5, 2, 8}$ overlaid with the unscaled basis envelope $psi_0(y) = pi^(-1/4) e^(-y^2 / 2)$ (dashed grey); $A = 0.5$ tracks the envelope exactly. _(b)_: coefficient decay at $A = 8$ --- unscaled (coral, slow algebraic decay) versus matched (navy, only $a_0 != 0$). _(c)_: unscaled ($alpha = 1$) convergence --- $A = 0.5$ is machine-precision exact by coincidence, all other $A$ converge only slowly. _(d)_: matched scaling $alpha = sqrt(2 A)$ --- all four curves collapse to machine precision at every $N$. _(e)_: optimal-$alpha$ scan at fixed $N = 16$ for three $A$ values; each curve has a sharp dip exactly at $alpha^star = sqrt(2 A)$ (dotted vertical lines). _(f)_: quantum oscillator ground state $psi_0$, machine-precision at $N = 0$ --- the ideal case where the basis matches the physics by construction.","Six panels in a three-by-two grid on Hermite-function expansion of Gaussian targets e to the power minus A y squared. Panel (a) overlays four target Gaussians for A of zero point one, zero point five, two, and eight against the dashed grey unscaled basis envelope, with A equal one half tracking it exactly. Panel (b) plots coefficient magnitude versus index at A equal eight: the unscaled coral curve decays slowly and algebraically while the matched navy case has only the first coefficient nonzero. Panel (c) shows unscaled convergence where only A equal one half is exact and the rest converge slowly. Panel (d) shows matched scaling alpha equal square root of two A collapsing all four curves to machine precision at every N. Panel (e) scans alpha at fixed N equal sixteen for three A values, each curve dipping sharply at alpha equal square root of two A marked by dotted verticals. Panel (f) shows the oscillator ground state reaching machine precision already at N equal zero."
"Chapter 20: Spectral Methods on Unbounded Intervals","Figure","Fig. 20.5","fig20_5","figures/ch20/python/laguerre_vs_tln.pdf","Étude 20.5: Laguerre vs rational $T L_n$ on $[0, +infinity)$. Left: pure exponential $f = e^(-y)$; both bases converge geometrically, Laguerre slightly faster thanks to basis-physics match. Right: algebraic $f = 1 / (1 + y)$; Laguerre plateaus near $10^(-3)$ (its exponential envelope cannot track $1 / y$), while $T L_n$ descends to machine precision by $N = 32$.","Two semilog convergence panels comparing the Laguerre basis against rational Chebyshev T-L-n on the half-line. The left panel uses the pure exponential e to the power minus y: both bases descend geometrically to machine precision, with Laguerre slightly faster. The right panel uses the algebraic one over one plus y: the Laguerre curve flattens onto a plateau near ten to the power minus three because its exponential envelope cannot follow the one-over-y tail, while T-L-n keeps descending to machine precision by N equal thirty-two."
"Chapter 20: Spectral Methods on Unbounded Intervals","Figure","Fig. 20.6","fig20_6","figures/ch20/python/tbn_humiliates_hermite.pdf","Étude 20.6: the function that humiliates Hermite. Left: $f(y) = 1 / (1 + y^2)$ --- an innocuous target. Right: three bases compared on a log-log error plot. Hermite converges algebraically ($""err"" tilde.op 1 / sqrt(N)$, cf. Theorem 34 of @Boyd2000); sinc likewise. The $T B_n$ basis reaches machine precision at $N = 8$ because $f$ is literally in the span of $(T B_0, T B_2)$ for $ell = 1$. The whole chapter hinges on this comparison.","Two panels demonstrating where Hermite fails. The left panel plots the smooth bell-shaped target one over one plus y squared. The right panel is a log-log error-versus-N comparison of three bases: Hermite and sinc both decay only algebraically, roughly as one over square root of N, while the rational Chebyshev T-B-n curve plunges straight to machine precision by N equal eight because the function lies exactly in the span of T-B-zero and T-B-two when the map parameter equals one."
"Chapter 20: Spectral Methods on Unbounded Intervals","Figure","Fig. 20.7","fig20_7","figures/ch20/python/behavioral_bc_laguerre.pdf","Étude 20.7: two strategies for Boyd's Laguerre eigenproblem. Left: count of ""good"" eigenvalues (within $5 %$ of an integer) versus $N$. Strategy A (naive, coral) reaches $33$ good eigenvalues at $N = 120$; Strategy B (behavioural recast, teal) reaches $49$. Right: the computed spectrum at $N = 40$. Strategy A (coral circles) shows complex-conjugate pairs with imaginary parts of order $0.01$ --- contamination of the real spectrum by slowly-decaying unphysical solutions. Strategy B (teal squares) returns clean real eigenvalues at $lambda_n = n$.","Two panels comparing two solution strategies for Boyd's Laguerre eigenvalue problem. The left panel plots the count of accurate eigenvalues, within five percent of an integer, versus N: the naive Strategy A in coral reaches thirty-three by N equal one hundred twenty, while the recast Strategy B in teal reaches forty-nine. The right panel plots the computed spectrum in the complex plane at N equal forty: Strategy A's coral circles spread off the real axis into complex-conjugate pairs with imaginary parts around zero point zero one, signalling contamination, whereas Strategy B's teal squares lie cleanly on the real axis at integer eigenvalues lambda-n equal n."
"Chapter 20: Spectral Methods on Unbounded Intervals","Figure","Fig. 20.8","fig20_8","figures/ch20/python/yoshida_jet.pdf","Étude 20.8: Yoshida jet velocity profile $v(y)$ solving $v'' - y^2 v = y$ with $v tilde.op -1 / y$. Left: the reference (21-mode $S B$ series) compared with low-$N$ truncations --- $N = 3$ is already accurate to three decimals in the interior. Right: convergence with $N$; the odd-$S B$ basis matches the algebraic $1 / y$ tail by construction, so the series descends rapidly to $10^(-5)$ by $N = 10$.","Two panels on the Yoshida jet velocity profile. The left panel plots the antisymmetric profile v of y, with a high-mode reference curve and low-order truncations overlaid; even the N equal three truncation matches the reference to three decimals across the interior. The right panel is a semilog convergence plot showing the odd S-B basis, which matches the minus-one-over-y algebraic tail by construction, descending rapidly to about ten to the power minus five by N equal ten."
"Chapter 20: Spectral Methods on Unbounded Intervals","Figure","Fig. 20.9","fig20_9","figures/ch20/python/tln_map_illustration.pdf","The rational Chebyshev $T L_n$ map and basis on the half-line (four panels in a 2$times$2 grid). _(a)_: the algebraic semi-infinite map $y = ell, (1 + x) / (1 - x)$ for four values of the map parameter $ell$; the singularity at $x = 1$ pulls $x in (-1, 1)$ onto $y in [0, +infinity)$. Larger $ell$ delays the rise, scattering grid points further out. _(b)_: the corresponding collocation grids @eq-un-tln-def at fixed $N = 24$, plotted as horizontal tick rows over a generic $sech$-decaying target (grey). $ell = 1$ packs the grid near $y = 0$; $ell = 8$ pushes most nodes far out. _(c)_: the first five basis functions $T L_0, dots, T L_4$ at $ell = 2$, evaluated over $y in [0, 20]$. Each $T L_n$ asymptotes to $plus.minus 1$ at $y = +infinity$, making the basis natural for problems whose tail is algebraic or asymptote-to-a-constant. _(d)_: coefficient diagnostic --- $|a_n|$ vs $n$ for the $T L_n$ expansion of $sech(y)$ at $ell in {0.5, 2, 8}$; too-small $ell$ flattens early (domain truncation), too-large $ell$ slows the small-$n$ slope, and $ell approx 2$ descends fastest, foreshadowing Boyd's Rule-of-Thumb 16 (Étude 20.9).","Four panels in a two-by-two grid illustrating the rational Chebyshev T-L-n map on the half-line. Panel (a) plots the algebraic map y equal ell times one plus x over one minus x for four map parameters, each rising steeply toward the singularity at x equal one that sends the unit interval to the half-line, with larger ell delaying the rise. Panel (b) shows the resulting collocation grids at N equal twenty-four as horizontal tick rows over a grey decaying target: small ell packs nodes near the origin, large ell scatters them far out. Panel (c) plots the first five basis functions over y from zero to twenty, each asymptoting to plus or minus one at infinity. Panel (d) plots coefficient magnitude versus index for the expansion of hyperbolic-secant at three ell values, where too-small ell flattens early, too-large ell has a gentle slope, and ell about two descends fastest."
"Chapter 20: Spectral Methods on Unbounded Intervals","Figure","Fig. 20.10","fig20_10","figures/ch20/python/ell_diagnostic.pdf","Étude 20.9: reading $ell$ from coefficient decay (four panels in a 2$times$2 grid). _(a)_: rolling-max envelope of $|a_n|$ for the three regimes $ell in {0.5, 2, 16}$ at $N = 64$ (small / good / large), with parity zig-zag suppressed --- $ell = 0.5$ flattens early, $ell = 16$ has a visibly gentler small-$n$ slope, $ell = 2$ descends cleanly to machine precision. _(b)_: the full six-$ell$ sweep as envelopes only, letting the reader compare every regime without overplotting. _(c)_: the scalar tail-size diagnostic $sum_(n > N / 2) |a_n|$ versus $ell$ at $N in {24, 48, 96}$ --- the valley of good $ell$ is broad and widens with $N$. _(d)_: extracting the valley centre and width from (c) as functions of $N$ on a log-log axis; the centre drifts mildly upward with $N$ and the width grows so that larger problems forgive coarser $ell$-tuning.","Four panels in a two-by-two grid on diagnosing the map parameter ell from coefficient decay. Panel (a) shows rolling-max coefficient envelopes at N equal sixty-four for three regimes: ell equal zero point five flattens onto an early plateau, ell equal sixteen has a gentler small-index slope, and ell equal two descends cleanly to machine precision. Panel (b) overlays envelopes for a full six-ell sweep for direct comparison. Panel (c) plots the scalar tail-sum diagnostic versus ell for three values of N, each forming a valley whose broad minimum marks the good range and widens with N. Panel (d) extracts the valley centre and width versus N on log-log axes, the centre drifting mildly upward and the width growing, so larger problems tolerate coarser tuning."
"Chapter 20: Spectral Methods on Unbounded Intervals","Figure","Fig. 20.11","fig20_11","figures/ch20/python/rK1_composed_map.pdf","Étude 20.10: global expansion of $r K_1 (r)$. Left: the function (navy) and the $N = 16$ $T B_n$ approximation in the composed coordinate (coral dashed); graphical agreement is within the line thickness. Right: max-norm error versus $N$ for $ell = 4$; a single global expansion reaches $10^(-10)$ at $N = 64$ with no piecewise switching logic.","Two panels on a single global expansion of r times K-one of r. The left panel overlays the navy reference function and its coral dashed N equal sixteen T-B-n approximation in the composed coordinate, agreeing within the line thickness across a peak that decays to zero. The right panel is a semilog plot of max-norm error versus N for map parameter four, descending steadily to ten to the power minus ten at N equal sixty-four, achieved with one global expansion and no piecewise switching."
"Chapter 20: Spectral Methods on Unbounded Intervals","Figure","Fig. 20.12","fig20_12","figures/ch20/python/J0_oscillatory.pdf","Étude 20.11: asymptotic augmentation for $sqrt(1 + y) J_0 (y)$. Left: the target and its amplitude-phase decomposition at $N = 15$; $|a(y)|$ asymptotes to a constant $approx 0.89$ and $|phi(y)|$ to zero, confirming the WKB structure. Right: max-norm error on $[0, 50]$ versus $N$. The naive basis stays pinned near $1$ (it cannot resolve the oscillation); the augmented basis reaches $10^(-13)$ at $N = 20$.","Two panels on asymptotic augmentation for square root of one plus y times J-zero of y. The left panel shows the target alongside its amplitude-phase decomposition at N equal fifteen: the amplitude magnitude settles to a constant near zero point eight nine and the phase magnitude tends to zero, confirming the expected WKB structure. The right panel is a semilog plot of max-norm error over zero to fifty versus N: the naive basis stays pinned near one, unable to resolve the oscillation, while the augmented basis plunges to ten to the power minus thirteen by N equal twenty."
"Chapter 20: Spectral Methods on Unbounded Intervals","Figure","Fig. 20.13","fig20_13","figures/ch20/python/weideman_cloot_map.pdf","The Weideman--Cloot sinh map @eq-un-wc and its grid behaviour (four panels in a 2$times$2 grid). _(a)_: the map $y = sinh(ell, t)$ for four values of $ell$; the reach $y_(""max"") = sinh(ell pi)$ is annotated and grows _exponentially_ in $ell$ (about $2$ at $ell = 0.5$, near $270$ at $ell = 2$). _(b)_: the resulting grids on the $y$-line at fixed $N = 64$, plotted as horizontal tick rows over a $sech(y)$ target. The uniform-in-$t$ Fourier grid maps to a non-uniform-in-$y$ grid that compresses near $y = 0$ (where $y'(0) = ell$ is small) and stretches into the tails. _(c)_: the same $sech(y)$ target shown in $y$-space (navy) and in $t$-space (coral, dashed, with $t$ rescaled to share the $y$-axis). In $t$-space the function becomes a smooth, periodic-friendly profile that Fourier represents efficiently --- this is exactly the trade-off that makes Weideman--Cloot work. _(d)_: Fourier-in-$t$ coefficient diagnostic --- $|hat f_k|$ of $sech(y(t))$ at fixed $N = 96$ for $ell in {0.5, 1, 1.5, 2}$. The optimal $ell$ is the one whose coefficients descend furthest before flattening, parallel to Étude 20.9's $ell$ diagnostic on the rational-Chebyshev side.","Four panels in a two-by-two grid on the Weideman-Cloot sinh map. Panel (a) plots y equal hyperbolic-sine of ell times t for four ell values, with the annotated reach hyperbolic-sine of ell pi growing exponentially, from about two at ell equal zero point five to near two hundred seventy at ell equal two. Panel (b) shows the resulting grids at N equal sixty-four as tick rows over a hyperbolic-secant target, the uniform t-grid mapping to a y-grid compressed near the origin and stretched into the tails. Panel (c) shows the same target in y-space, navy, and in rescaled t-space, coral dashed, where it becomes a smooth periodic-friendly profile that Fourier handles efficiently. Panel (d) plots Fourier coefficient magnitude versus index for four ell values, the optimal ell being the one whose coefficients descend furthest before flattening."
"Chapter 21: Special Tricks for the Spectral Researcher","Table","Table 21.1","tbl21_1","live text table (no image file)","Diagnostic roadmap for the special tricks of this chapter. The seven rows correspond to the seven failure modes addressed in sections @sec-st-meta to @sec-st-tau.","A four-column diagnostic roadmap whose seven rows each pair a symptom of a failing spectral computation (coefficients peaking at a high mode, slow algebraic coefficient decay, a slope change in the coefficient plot, a non-decaying oscillatory asymptote, expensive residual evaluations, the need for a Hilbert transform, or working symbolically at small N) with its structural clue, the recommended remedy, and the chapter section that treats it; the takeaway is that each failure mode is matched to one specific structural fix."
"Chapter 21: Special Tricks for the Spectral Researcher","Figure","Fig. 21.1","fig21_1","figures/ch21/python/rescue_naive_vs_tailored.pdf","Étude 21.1: same function, same $N=48$, two truncation lengths. *Left*: $sech(y)$ overlaid with the naive grid ($L=30$, coral circles) and the tailored grid ($L=8$, teal triangles). The naive grid lavishes resolution where the function is essentially zero. *Right*: pointwise error on the inner window of each truncation: naive max error $approx 9.6 times 10^(-2)$, tailored max error $approx 1.0 times 10^(-4)$ --- a factor of $approx 10^3$ recovered by editing one constant.","Two side-by-side panels comparing a naive and a tailored truncation length for Chebyshev collocation of sech of y at fixed N equals forty-eight. The left panel plots the bell-shaped sech pulse against y with two sets of grid markers: a naive grid for L equals thirty (coral circles) spreading most points far out where the function is essentially zero, and a tailored grid for L equals eight (teal triangles) concentrating points inside the pulse. The right panel shows pointwise error across the inner window for each: the naive case peaks near nine point six times ten to the power minus two, the tailored case near one times ten to the power minus four, a roughly thousand-fold gain from changing one constant."
"Chapter 21: Special Tricks for the Spectral Researcher","Figure","Fig. 21.2","fig21_2","figures/ch21/python/mathieu_sideband.pdf","Étude 21.2: Mathieu sideband truncation (six panels in a 3$times$2 grid). Top row = coefficient pictures, bottom row = eigenvalue corrections. Left column = the easy regime ($""ce""_(15)$, $q / n^2 = 10 / 225$), right column = the hard regime ($""ce""_3$, $q / n^2 = 10 / 9$), middle column = mechanism diagnostics. _(a)_: $|a_n|$ for $""ce""_(15)$ at $q = 10$ --- carrier $|a_(15)| approx 0.97$, sidebands $|a_(13)|, |a_(17)| approx 0.17, 0.15$, and $|a_(11)|, |a_(19)| approx 0.017, 0.011$ --- a tight cluster around the carrier. _(b)_: cluster half-width versus $q$ at three carriers $n in {3, 7, 15}$; the dotted grey line at half-width 2 marks the capacity of a $5 times 5$ sideband box, and the curves show at what $q$ each carrier first exceeds that capacity. _(c)_: $|a_n|$ for $""ce""_3$ at the _same_ $q = 10$; the cluster has spread to all small $n$ --- the visual reason a $5 times 5$ box no longer captures it. _(d)_: $delta(q) eq.def lambda(q) - 225$ for $""ce""_(15)$, computed three ways; the $5 times 5$ sideband (teal dashed) is indistinguishable from the high-$N$ reference (navy) at the resolution of the plot, the $3 times 3$ (coral dotted) lags slightly. _(e)_: convergence of the truncated $delta$ to the full value as the sideband half-width grows from 1 to 10, at fixed $n = 15$, $q = 10$; the $5 times 5$ box already lies near machine precision. _(f)_: the same three-way comparison for $""ce""_3$ where $q / n^2$ is large --- the $5 times 5$ sideband is wildly wrong because the relevant cluster has spread all the way down to the lowest mode.","Six panels in a three-by-two grid for Mathieu sideband truncation; top row shows coefficient pictures, bottom row eigenvalue corrections. Panel a is a bar chart of coefficient magnitudes for the high carrier mode ce fifteen at q equals ten, showing a tall carrier bar near zero point nine seven at index fifteen with rapidly shrinking sidebands at thirteen, seventeen, eleven and nineteen, a tight cluster. Panel b plots cluster half-width versus q for carriers three, seven and fifteen, with a dotted grey line at half-width two marking the capacity of a five-by-five sideband box, showing when each carrier exceeds it. Panel c is the analogous coefficient chart for the low carrier ce three at the same q, where the cluster has spread across all small modes. Panel d plots the eigenvalue correction delta versus q for ce fifteen computed three ways, with the five-by-five sideband (teal dashed) lying on top of the high-N reference (navy) and the three-by-three (coral dotted) slightly off. Panel e shows convergence of the truncated delta to the full value as sideband half-width grows from one to ten, reaching near machine precision by the five-by-five box. Panel f repeats the three-way comparison for ce three, where the five-by-five sideband is wildly wrong because the cluster has spread to the lowest mode."
"Chapter 21: Special Tricks for the Spectral Researcher","Figure","Fig. 21.3","fig21_3","figures/ch21/python/singularity_subtraction.pdf","Étude 21.3: singularity subtraction. *Left*: Chebyshev coefficient magnitudes at $N = 80$. The naive expansion (coral) decays algebraically, $|a_n|$ tracking the decay of the singular term. The trick (teal) reaches machine $epsilon$ at modest $n$. *Right*: maximum pointwise error vs $N$. Naive error is $approx 6 times 10^(-6)$ at $N = 256$; the trick reaches $approx 1.8 times 10^(-15)$ already at $N = 16$. *Same problem, same machinery, $approx 10$ decimals recovered* by acknowledging the singularity analytically.","Two side-by-side panels demonstrating singularity subtraction. The left panel plots Chebyshev coefficient magnitudes versus index n at N equals eighty on a log vertical scale: the naive expansion (coral) decays only algebraically, while the subtracted-singularity trick (teal) plunges to machine epsilon at modest n. The right panel plots maximum pointwise error versus N on log axes: the naive error stalls near six times ten to the power minus six even at N equals two hundred fifty-six, whereas the trick reaches about one point eight times ten to the power minus fifteen already at N equals sixteen, recovering roughly ten decimal digits."
"Chapter 21: Special Tricks for the Spectral Researcher","Figure","Fig. 21.4","fig21_4","figures/ch21/python/crossover_truncation.pdf","Étude 21.4: cross-over truncation. *Left*: Boyd's cartoon: the exponential head $10 thin e^(-n / 3)$ (navy) and the algebraic tail $10^(-6) / n^5$ (coral) both contribute to $a_n$; the sum (purple) shows a clean slope change at $n_(times) approx 120$. *Right*: real Chebyshev coefficients of $f(x) = e^(-((x-0.3)/0.1)^2) + 10^(-7) (x+1)^(1/3)$ on $[-1, 1]$. The smooth bulk gives geometric decay near the origin; the weak endpoint singularity gives algebraic decay in the far tail. The picture is not a cartoon: the same two-slope structure appears in real spectra.","Two side-by-side panels on cross-over truncation, both showing coefficient magnitude versus index n on a log vertical scale. The left panel is Boyd's cartoon: a straight exponential head ten times e to the power minus n over three (navy) and an algebraic tail ten to the power minus six over n to the fifth (coral), with their sum (purple) showing a clean slope change at a cross-over near n equals one hundred twenty. The right panel shows the real Chebyshev coefficients of a narrow Gaussian plus a weak endpoint singularity, exhibiting the same two-slope structure: geometric decay in the smooth bulk near the origin and slow algebraic decay in the far tail."
"Chapter 21: Special Tricks for the Spectral Researcher","Figure","Fig. 21.5","fig21_5","figures/ch21/python/radiation_scattering.pdf","Étude 21.5: Schrödinger $sech^2$ scattering with the radiation basis. *Left*: numerical $cal(R)(k)$ (coral circles) overlaid on the closed form (navy line, @eq-st-reflection); the spectral computation reproduces seven decades of magnitude. *Right*: absolute error (navy squares) stays at the $10^(-8)$ to $10^(-9)$ level uniformly over $k$, even where $cal(R)$ itself becomes as small as $10^(-8)$. The 'asymptotic-constant drift' $|sum_n a_n|$ (teal triangles) is the residual unrepresentable constant inherited from $T B_n (plus infinity) = 1$; it is small because $V(x)$ decays exponentially.","Two side-by-side panels for Schrodinger sech-squared scattering solved with a radiation basis. The left panel plots the reflection coefficient R versus wavenumber k on a log vertical scale, with numerical values (coral circles) lying on the closed-form curve (navy line) across about seven decades of magnitude. The right panel plots, versus k, the absolute error (navy squares) holding uniformly at the ten to the power minus eight to ten to the power minus nine level even where R itself shrinks to ten to the power minus eight, together with the asymptotic-constant drift, the magnitude of the sum of coefficients (teal triangles), which stays small because the potential decays exponentially."
"Chapter 21: Special Tricks for the Spectral Researcher","Figure","Fig. 21.6","fig21_6","figures/ch21/python/lanczos_economization.pdf","Étude 21.6: Lanczos economization for an expensive determinant. *Left*: $D(lambda)$ on $[0.5, 30]$ with the five roots detected by both methods. The Lanczos sample points (teal dots) are 17 Chebyshev-extrema nodes; the colleague-matrix eigenvalue problem on the resulting interpolant returns the root locations directly. *Right*: the cost story. The naive scan-and-bisect strategy uses $60 + 30 times 5 = 210$ expensive LU factorisations to locate the same roots; Lanczos uses $17$. Both methods recover the (perturbed) eigenvalues to $approx 10^(-11)$ root-position accuracy.","Two side-by-side panels on Lanczos economization for an expensive determinant. The left panel plots the determinant D of lambda over the interval from zero point five to thirty, crossing zero at five roots, with the seventeen Chebyshev-extrema Lanczos sample points marked as teal dots; the colleague-matrix solve on the interpolant returns the root locations directly. The right panel is a cost comparison bar chart contrasting the naive scan-and-bisect strategy at two hundred ten expensive LU factorisations against Lanczos at seventeen, a roughly twelve-to-one saving, while both methods locate the roots to about ten to the power minus eleven accuracy."
"Chapter 21: Special Tricks for the Spectral Researcher","Figure","Fig. 21.7","fig21_7","figures/ch21/python/ioakimidis_root.pdf","Étude 21.7: Ioakimidis non-iterative root for $f(x) = sin(x - pi / 4) / sqrt(1 + 10 x^2)$ on $[-1, 1]$ (the unique root is $rho = pi / 4 approx 0.7853981633974483$). Geometric convergence: the Ioakimidis quotient (navy) reaches $|""err""| approx 10^(-12)$ at $N = 30$ ($61$ function evaluations); plain bisection on the same number of evaluations (coral) only reaches $|""err""| approx 10^(-9)$. The Ioakimidis formulaIoakimidis formula has *no iteration anywhere* --- it is a single quotient of two finite sums.","A single semilog convergence plot of absolute root error versus the parameter N for finding the unique root pi over four of a given test function on minus one to one. The Ioakimidis non-iterative quotient (navy) drops geometrically, reaching about ten to the power minus twelve at N equals thirty, which is sixty-one function evaluations, while plain bisection using the same number of evaluations (coral) only reaches about ten to the power minus nine; the Ioakimidis result comes from a single quotient of two finite sums with no iteration."
"Chapter 21: Special Tricks for the Spectral Researcher","Figure","Fig. 21.8","fig21_8","figures/ch21/python/hilbert_fourier.pdf","Étude 21.8: Hilbert transform via Fourier multiplier. *Left*: $f(x) = e^(cos x)$ (navy) and its exact Hilbert transform $2 sum I_k (1) sin(k y)$ (teal); coral circles show the FFT-based numerical $H{f}_N (y_j)$ at $N = 32$ Fourier modes per period. *Right*: max error vs $N$ on a semilog axis. The error reaches $10^(-15)$ at $N = 32$ and is bounded above by $2 thin I_(N/2)(1)$, the tail of the Bessel-coefficient series (coral dashed). Convergence is *super-geometric* on this analytic periodic test.","Two side-by-side panels on the Hilbert transform via Fourier multiplier. The left panel plots the test function e to the power cosine x (navy) and its exact Hilbert transform (teal) against y over one period, with the FFT-based numerical transform at thirty-two Fourier modes shown as coral circles falling exactly on the exact curve. The right panel plots maximum error versus N on a semilog axis: the error plunges to ten to the power minus fifteen by N equals thirty-two and is bounded above by twice the modified Bessel coefficient (coral dashed), confirming super-geometric convergence on this analytic periodic test."
"Chapter 21: Special Tricks for the Spectral Researcher","Table","Table 21.2","tbl21_2","live text table (no image file)","The six precepts in which the symbolic small-$N$ regime reverses the usual numerical advice (after @Boyd2000 chapter 20.2).","A two-column table contrasting six precepts for the symbolic small-N regime against the usual large-N numerical advice, showing how each reverses (Galerkin versus collocation, Legendre or Gegenbauer versus Chebyshev, polynomialising and rationalising rather than leaving them, aggressive symmetry use, and basis recombination over boundary bordering), with the takeaway that working symbolically inverts the standard numerical defaults."
"Chapter 21: Special Tricks for the Spectral Researcher","Figure","Fig. 21.9","fig21_9","figures/ch21/python/symbolic_boundary_layer.pdf","Étude 21.9: Carrier--Pearson boundary-layer BVP solved by four-term symbolic Galerkin. *Left*: solutions at $epsilon = 1 / 10$ and $epsilon = 1 / 20$. The four-term Galerkin (coral circles) tracks the cosh-layer profile (navy) at modest cost. *Right*: $L^infinity$ error vs $epsilon$ on a log-log axis. The closed-form rational solution achieves $approx 10^(-9)$ error at $epsilon = 1$, and the error grows monotonically as $epsilon$ shrinks --- the boundary layer is harder to resolve with only four moments. The numerical results reproduce the values of @Boyd2000 Table 20.3 across the entire $epsilon$ range.","Two side-by-side panels for the Carrier-Pearson boundary-layer problem solved by four-term symbolic Galerkin. The left panel plots solutions at epsilon equal to one tenth and one twentieth against x, with the four-term Galerkin approximation (coral circles) tracking the exact cosh-layer profiles (navy). The right panel plots L-infinity error versus epsilon on log-log axes: the closed-form rational solution reaches about ten to the power minus nine error at epsilon equals one and grows monotonically worse as epsilon shrinks, because only four moments struggle to resolve the thinning boundary layer."
"Chapter 21: Special Tricks for the Spectral Researcher","Figure","Fig. 21.10","fig21_10","figures/ch21/python/symbolic_quartic_oscillator.pdf","Étude 21.10: symbolic quartic oscillator on the line. *Left*: $log_(10) |D(E)|$ on the lower window $E in [0, 50]$, where the deep V-shaped dips are the zeros of the secular determinant. A rug strip beneath the curve marks the five Bender--Orszag references (teal circles) and the numerical roots inside the window (coral crosses) for the five lowest even-parity eigenvalues $E_n, thin n = 0, 2, 4, 6, 8$. The fifth numerical root is a mirage at $E approx 720$, signalled by the annotated arrow rather than allowed to stretch the axis. *Right*: relative error per mode index. The lower three modes ($E_0, E_2, E_4$) are accurate to $0.5%, 2.7%, 6.9%$ --- usable for a five-term symbolic approximation. The upper two modes ($E_6, E_8$) are *numerical mirages* of the truncation: $E_6$ has $142%$ relative error, $E_8$ has $1790%$ relative error, both wholly worthless. *Trust the lower spectrum first.*","Two side-by-side panels for the symbolic quartic oscillator. The left panel plots the base-ten logarithm of the secular determinant magnitude over E from zero to fifty, where deep V-shaped dips mark the roots; a rug strip beneath marks the five Bender-Orszag reference values (teal circles) and the numerical roots in the window (coral crosses) for the five lowest even-parity eigenvalues, with the fifth root flagged by an annotated arrow as a mirage near E equals seven hundred twenty rather than stretching the axis. The right panel plots relative error per mode index: the lowest three modes are accurate to about zero point five, two point seven and six point nine percent, while the upper two are numerical mirages at one hundred forty-two and one thousand seven hundred ninety percent error, illustrating that only the lower spectrum is trustworthy."
"Chapter 21: Special Tricks for the Spectral Researcher","Figure","Fig. 21.11","fig21_11","figures/ch21/python/tau_first_order.pdf","Étude 21.11: tau methodtau method on $u' + u = 0$, $u(-1) = 1$. *Left*: amplitude $|tau|$ of the Lanczos perturbation (navy circles) decays geometrically with $N$, reaching machine zero by $N = 16$. The pointwise error of the tau approximation $v_N (x_j)$ (teal squares) and of a standard pseudospectral solution (coral triangles) decay at the same rate, both reaching machine $epsilon$ by $N approx 12$. *Right*: at $N = 16$ the tau solution and the exact $u(x) = e^(-(x+1))$ are visually indistinguishable; the residual perturbation has amplitude $approx 5 times 10^(-16)$.","Two side-by-side panels for the tau method on u prime plus u equals zero with u of minus one equals one. The left panel plots, versus N on a semilog scale, the amplitude of the Lanczos tau perturbation (navy circles) decaying geometrically to machine zero by N equals sixteen, alongside the pointwise error of the tau approximation (teal squares) and of a standard pseudospectral solution (coral triangles), both reaching machine epsilon by about N equals twelve. The right panel overlays the tau solution at N equals sixteen on the exact solution e to the power minus open paren x plus one close paren, the two being visually indistinguishable, with a residual perturbation of about five times ten to the power minus sixteen."
"afterword.typ","Table","Afterword Table 1","figAW_tbl1","live text table (no image file)","Comparison of collocation (pseudospectral) and pure Galerkin spectral methods.","A five-row comparison table contrasting the collocation (pseudospectral) and pure Galerkin spectral approaches across the key design dimensions that distinguish them: collocation enforces the residual pointwise at discrete nodes, evaluates nonlinear terms by pointwise multiplication in physical space, yields dense non-symmetric differentiation matrices, imposes boundary conditions explicitly through matrix surgery, and rests on discrete quadrature bounds for stability; the Galerkin method instead enforces global orthogonality through an integral inner product, handles nonlinearities via convolution of coefficients, produces often symmetric, sparse, or banded matrices, satisfies boundary conditions implicitly through the design of the basis functions, and gains stability guarantees from continuous coercivity and energy norms. The takeaway is that collocation buys implementation simplicity and easy treatment of nonlinearities at the cost of dense, ill-conditioned operators, whereas Galerkin trades pointwise convenience for sparse, well-structured operators and rigorous stability."
